PCP_frac,1921-10,25615,27185.587059,30447.157126
PCP_frac,1921-11,24401,28446.426338,36861.986984
PCP_frac,1921-12,25615,22680.509077,20664.773410
PCP_frac,1922-01,25615,31342.912668,43231.472538
PCP_frac,1922-02,25615,28117.571253,31846.552193
PCP_frac,1922-03,25615,27795.256747,31274.085300
PCP_frac,1922-04,24529,28148.045754,36276.205828
PCP_frac,1922-05,25379,19650.314207,16625.460009
PCP_frac,1922-06,21049,18531.075914,17969.405224
PCP_frac,1922-07,13623,9080.309047,7696.463463
PCP_frac,1922-08,15568,9149.990684,8990.326787
PCP_frac,1922-09,14193,3726.383057,2198.685007
PCP_frac,1922-10,24395,17643.770096,14404.826814
PCP_frac,1922-11,25611,26333.314011,28825.882665
PCP_frac,1922-12,25518,24384.533218,23601.555011
PCP_frac,1923-01,25615,24412.809946,24173.169963
PCP_frac,1923-02,25614,27164.831763,30316.037441
PCP_frac,1923-03,25172,30076.440300,38660.754985
PCP_frac,1923-04,25610,28038.935957,31431.836617
PCP_frac,1923-05,19901,19128.630073,20161.106731
PCP_frac,1923-06,16524,15622.425803,16313.154030
PCP_frac,1923-07,14679,5782.620945,3154.557109
PCP_frac,1923-08,19397,12855.008033,12795.183212
PCP_frac,1923-09,25615,23367.907030,23913.077765
PCP_frac,1923-10,24806,25710.411102,28191.642439
PCP_frac,1923-11,25543,20072.425677,18811.585571
PCP_frac,1923-12,25536,34798.912247,50536.922085
PCP_frac,1924-01,23483,27866.004703,36053.776736
PCP_frac,1924-02,22026,23554.386124,25907.417694
PCP_frac,1924-03,25615,31403.138993,39857.706965
PCP_frac,1924-04,25615,31494.677654,41537.338006
PCP_frac,1924-05,19012,22919.338412,45466.266364
PCP_frac,1924-06,8151,6696.191218,8309.353894
PCP_frac,1924-07,11368,2656.123105,1076.253088
PCP_frac,1924-08,14909,9378.355673,8004.158151
PCP_frac,1924-09,14499,7807.347029,7906.767576
PCP_frac,1924-10,23875,24302.697143,25846.953248
PCP_frac,1924-11,23829,22743.626519,23097.050584
PCP_frac,1924-12,25615,30728.640191,37787.570611
PCP_frac,1925-01,24337,29541.542674,36904.061887
PCP_frac,1925-02,24191,27563.146789,33142.337430
PCP_frac,1925-03,25615,29221.765207,35570.890860
PCP_frac,1925-04,25586,33246.750178,45671.281727
PCP_frac,1925-05,23022,19802.904185,18373.912737
PCP_frac,1925-06,24912,23989.824766,25338.914063
PCP_frac,1925-07,20077,22418.469791,37803.326012
PCP_frac,1925-08,21817,18647.935704,20151.959074
PCP_frac,1925-09,20802,18489.014494,18321.590254
PCP_frac,1925-10,25615,28763.856895,33314.893922
PCP_frac,1925-11,25615,28416.601736,32374.650997
PCP_frac,1925-12,25615,29955.653158,36329.166477
PCP_frac,1926-01,25615,30763.777707,40613.591117
PCP_frac,1926-02,25475,29508.333056,34953.094239
PCP_frac,1926-03,25241,32067.191379,46277.777732
PCP_frac,1926-04,25615,28410.119378,33015.809640
PCP_frac,1926-05,23315,29439.326186,42668.521995
PCP_frac,1926-06,12745,5583.721894,4239.740624
PCP_frac,1926-07,13773,5733.052063,5174.992000
PCP_frac,1926-08,18455,9364.924064,9746.630323
PCP_frac,1926-09,14852,4405.245106,2965.823457
PCP_frac,1926-10,23331,23152.333263,26718.582769
PCP_frac,1926-11,23331,23152.333263,26718.582769
PCP_frac,1926-12,23331,23152.333263,26718.582769
PCP_frac,1927-01,25615,35836.042293,54900.935781
PCP_frac,1927-02,25615,29858.594858,35637.262697
PCP_frac,1927-03,25615,30314.452640,36583.128078
PCP_frac,1927-04,24846,27019.441180,29714.942248
PCP_frac,1927-05,23408,29701.244308,40362.941128
PCP_frac,1927-06,19135,18050.478423,20986.951266
PCP_frac,1927-07,13973,12029.906188,18997.924041
PCP_frac,1927-08,15837,5771.784916,6250.470188
PCP_frac,1927-09,20314,20522.139162,30633.250114
PCP_frac,1927-10,25615,30639.086936,38035.042364
PCP_frac,1927-11,25615,31449.277831,40106.254847
PCP_frac,1927-12,25615,33268.778656,45772.672435
PCP_frac,1928-01,23975,34826.783291,57286.746512
PCP_frac,1928-02,25615,29071.963413,33451.500169
PCP_frac,1928-03,25615,30774.164100,38336.754537
PCP_frac,1928-04,22311,26336.683114,32686.436339
PCP_frac,1928-05,24601,37351.305477,67566.385972
PCP_frac,1928-06,14199,8721.108388,7356.912948
PCP_frac,1928-07,9932,895.204453,139.501815
PCP_frac,1928-08,13387,1811.277683,835.316876
PCP_frac,1928-09,12250,10441.160121,13612.244970
PCP_frac,1928-10,23429,27893.309715,40944.990606
PCP_frac,1928-11,24553,26422.103327,28608.217956
PCP_frac,1928-12,25609,30634.190814,37639.852624
PCP_frac,1929-01,25615,36318.349304,55624.227027
PCP_frac,1929-02,24832,25087.047378,26510.306711
PCP_frac,1929-03,25257,30362.964015,37120.659010
PCP_frac,1929-04,25375,29158.223295,34478.893613
PCP_frac,1929-05,14398,18008.111005,28966.263162
PCP_frac,1929-06,21465,26237.072458,33727.377625
PCP_frac,1929-07,10772,494.733946,64.946458
PCP_frac,1929-08,12643,11414.386089,18010.176168
PCP_frac,1929-09,19395,17791.849092,22999.714818
PCP_frac,1929-10,17557,13083.176260,12178.233357
PCP_frac,1929-11,11263,310.291271,24.415604
PCP_frac,1929-12,19164,21902.667029,26107.708432
PCP_frac,1930-01,25615,29871.737273,35553.112971
PCP_frac,1930-02,24986,29424.148687,35366.489041
PCP_frac,1930-03,25615,33133.013406,45179.021588
PCP_frac,1930-04,25584,32597.893893,43513.426937
PCP_frac,1930-05,25615,30890.838602,38310.753408
PCP_frac,1930-06,12872,1210.028421,373.632424
PCP_frac,1930-07,11771,2067.137727,1267.745983
PCP_frac,1930-08,15938,6599.098407,3967.334726
PCP_frac,1930-09,22939,31443.632077,47830.659014
PCP_frac,1930-10,25553,38137.998632,65370.707674
PCP_frac,1930-11,25484,33033.341722,45159.757830
PCP_frac,1930-12,19069,18766.887782,22831.891816
PCP_frac,1931-01,25597,32129.937015,42142.657426
PCP_frac,1931-02,25615,31541.618405,39975.711278
PCP_frac,1931-03,23341,29205.385073,38311.745760
PCP_frac,1931-04,25615,30938.507109,38717.005576
PCP_frac,1931-05,23782,29688.291269,39897.811160
PCP_frac,1931-06,24988,34438.063553,51359.544903
PCP_frac,1931-07,12429,13976.596707,24400.836908
PCP_frac,1931-08,18748,23509.599725,46905.930201
PCP_frac,1931-09,22370,27595.627420,41512.545985
PCP_frac,1931-10,24574,36606.930312,65818.056041
PCP_frac,1931-11,25615,32679.397643,43754.058171
PCP_frac,1931-12,25615,29925.558769,35768.355772
PCP_frac,1932-01,24876,31527.160384,41722.612012
PCP_frac,1932-02,25615,31456.484973,40002.461533
PCP_frac,1932-03,23324,28762.264203,36985.736021
PCP_frac,1932-04,23522,28301.503151,35773.354145
PCP_frac,1932-05,24344,32062.298889,45297.152841
PCP_frac,1932-06,21969,33557.207678,66646.852608
PCP_frac,1932-07,14480,8087.655457,5568.007183
PCP_frac,1932-08,12923,2786.029663,875.499639
PCP_frac,1932-09,16756,14233.469369,14905.478013
PCP_frac,1932-10,22526,33043.417472,61674.598905
PCP_frac,1932-11,19820,19925.381995,22298.644529
PCP_frac,1932-12,25615,32882.379818,44182.855239
PCP_frac,1933-01,25615,29186.638993,33768.671124
PCP_frac,1933-02,23055,25229.063234,28309.083160
PCP_frac,1933-03,22553,25907.324899,31585.778574
PCP_frac,1933-04,25549,35923.390111,55510.365499
PCP_frac,1933-05,25388,30630.107976,37994.133951
PCP_frac,1933-06,21466,26476.709829,36024.085312
PCP_frac,1933-07,15506,4125.445426,1949.113026
PCP_frac,1933-08,16867,7735.859468,4902.540264
PCP_frac,1933-09,16877,14683.834538,19537.337607
PCP_frac,1933-10,25363,30297.268130,37392.759185
PCP_frac,1933-11,19874,10137.282900,9245.586613
PCP_frac,1933-12,25565,29812.785822,36137.561623
PCP_frac,1934-01,25359,30789.498527,40206.310227
PCP_frac,1934-02,25615,32166.484409,42257.546900
PCP_frac,1934-03,24630,21445.104243,20709.243700
PCP_frac,1934-04,17394,15500.596619,15818.370382
PCP_frac,1934-05,18922,21914.548191,26573.386147
PCP_frac,1934-06,25203,33551.511373,47545.248006
PCP_frac,1934-07,13199,2574.624794,1432.066401
PCP_frac,1934-08,18350,15718.991591,19189.658783
PCP_frac,1934-09,22929,26114.267422,36642.645103
PCP_frac,1934-10,25290,32017.037209,42152.105544
PCP_frac,1934-11,25550,23685.712573,23770.253066
PCP_frac,1934-12,25615,31640.442135,40611.892366
PCP_frac,1935-01,25615,30325.217435,37025.799955
PCP_frac,1935-02,25615,30466.383221,37165.838038
PCP_frac,1935-03,25615,31839.810422,41095.413168
PCP_frac,1935-04,24636,28121.728834,32786.291726
PCP_frac,1935-05,23228,28747.945306,44546.176291
PCP_frac,1935-06,7444,280.556462,24.147245
PCP_frac,1935-07,17884,11128.202003,9516.961307
PCP_frac,1935-08,22825,33836.934108,69217.434407
PCP_frac,1935-09,23639,26333.311945,37614.731952
PCP_frac,1935-10,24074,28695.392131,36664.027326
PCP_frac,1935-11,25230,34726.858997,51946.059202
PCP_frac,1935-12,25615,33033.894616,45178.951237
PCP_frac,1936-01,24684,31605.331295,43324.688862
PCP_frac,1936-02,25615,28904.934026,33052.682709
PCP_frac,1936-03,25354,30839.247792,38719.316285
PCP_frac,1936-04,23949,29769.795555,39256.837753
PCP_frac,1936-05,19675,23907.322710,32722.252851
PCP_frac,1936-06,23283,25892.201855,30557.075386
PCP_frac,1936-07,24391,27862.267326,37408.261922
PCP_frac,1936-08,18486,9375.081675,7829.636086
PCP_frac,1936-09,18706,10151.025230,8339.406497
PCP_frac,1936-10,24916,28054.908515,33176.255112
PCP_frac,1936-11,21864,26291.322468,43714.958976
PCP_frac,1936-12,25615,30756.955923,38243.813839
PCP_frac,1937-01,25615,30963.343125,38618.447781
PCP_frac,1937-02,25615,31756.785788,41029.726405
PCP_frac,1937-03,25615,32081.804639,42096.852530
PCP_frac,1937-04,24119,37064.947763,64608.085546
PCP_frac,1937-05,20771,36002.281263,76173.893366
PCP_frac,1937-06,19514,22331.408915,29032.247110
PCP_frac,1937-07,18622,26922.806687,53190.142040
PCP_frac,1937-08,11067,359.770994,23.187556
PCP_frac,1937-09,15541,7211.117495,6119.949526
PCP_frac,1937-10,18908,22486.103163,28514.177881
PCP_frac,1937-11,20745,23568.651116,28864.301518
PCP_frac,1937-12,25615,31351.791607,39754.728722
PCP_frac,1938-01,25413,29949.436926,36887.208539
PCP_frac,1938-02,25615,29689.597762,35372.896370
PCP_frac,1938-03,25615,29625.406651,35607.123951
PCP_frac,1938-04,24205,30404.814871,40280.326830
PCP_frac,1938-05,24589,30246.702927,40589.900974
PCP_frac,1938-06,17893,18548.677992,26321.975874
PCP_frac,1938-07,20245,20454.149961,26681.647799
PCP_frac,1938-08,14590,4089.326103,2496.454265
PCP_frac,1938-09,24789,24240.254589,26125.989824
PCP_frac,1938-10,24965,33213.930708,46723.674746
PCP_frac,1938-11,21177,24410.595119,31899.515435
PCP_frac,1938-12,25615,30896.068700,38279.138130
PCP_frac,1939-01,25615,34074.581358,48677.492799
PCP_frac,1939-02,25615,30528.328045,37346.752255
PCP_frac,1939-03,25591,31573.723796,40498.035205
PCP_frac,1939-04,25573,32335.263544,46415.043006
PCP_frac,1939-05,23485,35171.291473,63243.506365
PCP_frac,1939-06,14023,10293.265735,9598.097444
PCP_frac,1939-07,14626,11896.365989,11915.659006
PCP_frac,1939-08,18301,18442.255837,23224.403741
PCP_frac,1939-09,25615,33269.767270,44870.697468
PCP_frac,1939-10,23801,29713.784019,38978.855937
PCP_frac,1939-11,25207,42813.684400,88842.121684
PCP_frac,1939-12,25188,35291.139529,53487.842696
PCP_frac,1940-01,25565,28544.251232,32535.073683
PCP_frac,1940-02,25615,31533.447273,40596.833214
PCP_frac,1940-03,25307,27759.871360,31555.152557
PCP_frac,1940-04,25596,33788.583227,47687.993721
PCP_frac,1940-05,21240,19494.489451,19732.361117
PCP_frac,1940-06,13931,12848.830326,14585.941360
PCP_frac,1940-07,9165,1137.167469,448.388934
PCP_frac,1940-08,11360,1191.841990,512.555747
PCP_frac,1940-09,21582,22868.832361,28125.685219
PCP_frac,1940-10,25607,25593.122878,26367.761208
PCP_frac,1940-11,25576,39526.372006,71388.978697
PCP_frac,1940-12,25615,28186.070652,32560.217598
PCP_frac,1941-01,25615,27737.837595,30356.789886
PCP_frac,1941-02,25615,30359.660813,37151.762415
PCP_frac,1941-03,25615,27748.438078,30425.605130
PCP_frac,1941-04,25615,29892.354698,35804.663122
PCP_frac,1941-05,24701,29514.091517,40103.753233
PCP_frac,1941-06,19176,18435.129833,21808.987412
PCP_frac,1941-07,17289,8604.709571,7878.651873
PCP_frac,1941-08,21726,27092.224946,42834.200982
PCP_frac,1941-09,16551,10062.466745,9174.459165
PCP_frac,1941-10,25615,30639.672824,39456.699772
PCP_frac,1941-11,25615,39885.238865,71212.278512
PCP_frac,1941-12,25615,31304.082701,40847.700029
PCP_frac,1942-01,25459,33304.081053,49829.782028
PCP_frac,1942-02,25563,32014.007234,42842.482808
PCP_frac,1942-03,25615,30979.558289,38822.899500
PCP_frac,1942-04,25615,28696.685310,32563.939917
PCP_frac,1942-05,19773,22339.963177,25677.567068
PCP_frac,1942-06,9107,6410.120463,6502.313859
PCP_frac,1942-07,11197,1637.027941,709.966261
PCP_frac,1942-08,17747,9089.805693,6399.038502
PCP_frac,1942-09,15155,9135.943686,8153.982400
PCP_frac,1942-10,25290,51527.392821,142259.025150
PCP_frac,1942-11,22360,29147.211449,40454.036793
PCP_frac,1942-12,25600,31429.148014,40204.520663
PCP_frac,1943-01,25615,28775.035796,32895.635653
PCP_frac,1943-02,25611,30628.199050,37543.838724
PCP_frac,1943-03,25615,30371.506357,36902.332246
PCP_frac,1943-04,25502,32370.583606,43820.245955
PCP_frac,1943-05,16679,19948.765403,28537.752979
PCP_frac,1943-06,16524,18726.389555,24937.777384
PCP_frac,1943-07,13950,4977.312510,3584.386388
PCP_frac,1943-08,11277,167.321973,4.704049
PCP_frac,1943-09,16168,6838.457719,4356.464477
PCP_frac,1943-10,25581,39037.509619,68409.155581
PCP_frac,1943-11,23359,32423.386116,51762.126352
PCP_frac,1943-12,25615,31149.326067,39051.509316
PCP_frac,1944-01,25484,30902.283628,38982.006719
PCP_frac,1944-02,25615,29324.598853,34108.212161
PCP_frac,1944-03,25615,34218.183205,48548.685761
PCP_frac,1944-04,25553,34344.175832,48569.946271
PCP_frac,1944-05,22707,25949.807485,30173.303911
PCP_frac,1944-06,19865,24415.133027,34706.042062
PCP_frac,1944-07,10955,9199.952562,15344.051389
PCP_frac,1944-08,11085,3830.659964,3284.549465
PCP_frac,1944-09,16062,14197.169094,19096.050164
PCP_frac,1944-10,24309,28023.098323,34483.730116
PCP_frac,1944-11,25615,32831.728827,45090.451671
PCP_frac,1944-12,25615,30026.369382,35797.777346
PCP_frac,1945-01,25585,32289.638563,43221.897542
PCP_frac,1945-02,25615,28189.553607,32138.328640
PCP_frac,1945-03,25615,30449.038508,37231.440568
PCP_frac,1945-04,25165,26319.237552,28247.973297
PCP_frac,1945-05,21397,28160.897537,41512.596059
PCP_frac,1945-06,19801,20084.007347,23664.506250
PCP_frac,1945-07,16240,19357.519462,32520.788402
PCP_frac,1945-08,21092,30454.501830,62116.190062
PCP_frac,1945-09,21731,30736.196542,55605.992827
PCP_frac,1945-10,25583,35662.506895,54849.660215
PCP_frac,1945-11,22158,26323.981498,32247.490786
PCP_frac,1945-12,25615,27810.960104,30773.459080
PCP_frac,1946-01,25588,28076.234754,31097.790034
PCP_frac,1946-02,24225,27866.638147,32949.656858
PCP_frac,1946-03,25359,29279.781591,34648.864792
PCP_frac,1946-04,24991,29002.920968,36167.860799
PCP_frac,1946-05,22770,26465.631632,32326.325480
PCP_frac,1946-06,8548,4290.660969,3814.115871
PCP_frac,1946-07,24509,29936.906444,43667.379053
PCP_frac,1946-08,13511,2860.420119,1069.290385
PCP_frac,1946-09,23330,28067.852281,42967.371808
PCP_frac,1946-10,25581,29304.567399,34770.728822
PCP_frac,1946-11,25615,29896.012715,35664.438779
PCP_frac,1946-12,25615,26162.299389,27057.814155
PCP_frac,1947-01,24090,30648.515911,42058.923977
PCP_frac,1947-02,23343,26134.474550,29765.879013
PCP_frac,1947-03,25614,29156.540097,33640.570103
PCP_frac,1947-04,25120,34134.731672,50218.186152
PCP_frac,1947-05,24944,30685.395908,40296.640860
PCP_frac,1947-06,18196,15107.691086,15878.796121
PCP_frac,1947-07,10726,6485.744922,8810.865049
PCP_frac,1947-08,20041,22101.439431,30074.966568
PCP_frac,1947-09,18831,15773.172860,17590.143081
PCP_frac,1947-10,25614,36377.134372,58183.223966
PCP_frac,1947-11,25473,33970.587392,48805.310583
PCP_frac,1947-12,25615,32307.625872,42769.659483
PCP_frac,1948-01,18720,15600.311493,15592.199819
PCP_frac,1948-02,25615,31046.189616,38695.451916
PCP_frac,1948-03,25593,29705.861845,35244.079436
PCP_frac,1948-04,23517,25751.201263,28530.942467
PCP_frac,1948-05,20906,23073.695479,25799.928903
PCP_frac,1948-06,23414,27196.649258,35173.230472
PCP_frac,1948-07,14028,7190.607952,7194.653143
PCP_frac,1948-08,12616,5472.358565,5612.615744
PCP_frac,1948-09,17345,11398.204537,10346.727448
PCP_frac,1948-10,25506,36039.216630,56475.576400
PCP_frac,1948-11,17776,20547.871186,27257.224878
PCP_frac,1948-12,25615,33324.879229,45236.525920
PCP_frac,1949-01,25615,30440.343153,37212.443800
PCP_frac,1949-02,25239,30279.198834,37158.912090
PCP_frac,1949-03,25382,31154.346582,39384.649615
PCP_frac,1949-04,22665,29343.311158,46084.013816
PCP_frac,1949-05,24146,30948.980150,41744.843985
PCP_frac,1949-06,13923,11625.389268,13486.297481
PCP_frac,1949-07,17215,13521.866916,15264.029921
PCP_frac,1949-08,21056,15542.845643,14630.959013
PCP_frac,1949-09,18100,12473.261435,13213.483973
PCP_frac,1949-10,23815,30129.961558,47613.212808
PCP_frac,1949-11,25615,26929.247521,28509.622477
PCP_frac,1949-12,25615,31515.992756,39909.736904
PCP_frac,1950-01,25492,31799.927390,41412.551333
PCP_frac,1950-02,25613,28807.873405,33106.890756
PCP_frac,1950-03,25482,28363.263453,32157.036130
PCP_frac,1950-04,23721,27078.099498,32145.204926
PCP_frac,1950-05,21693,20919.827998,21917.309709
PCP_frac,1950-06,14374,12195.670511,13803.554674
PCP_frac,1950-07,20772,18255.489595,21501.738516
PCP_frac,1950-08,15847,12102.899834,13144.534579
PCP_frac,1950-09,25384,29225.513487,35802.295089
PCP_frac,1950-10,21952,26899.863443,35794.702433
PCP_frac,1950-11,24908,28904.213686,34731.228191
PCP_frac,1950-12,21987,26042.977190,32351.495655
PCP_frac,1951-01,25615,30623.433956,37378.495773
PCP_frac,1951-02,24976,29152.520508,34818.757278
PCP_frac,1951-03,25127,25975.161760,27511.459562
PCP_frac,1951-04,25615,30982.407531,39114.699807
PCP_frac,1951-05,25093,29671.530669,38367.827955
PCP_frac,1951-06,11893,8173.705408,10016.944708
PCP_frac,1951-07,13639,2486.570822,2046.296131
PCP_frac,1951-08,18356,12440.518113,18395.703766
PCP_frac,1951-09,19268,7206.893917,6257.956552
PCP_frac,1951-10,25615,27567.858670,29961.526691
PCP_frac,1951-11,25615,33214.389376,46850.583280
PCP_frac,1951-12,25615,28473.756147,31958.103331
PCP_frac,1952-01,25615,27893.438863,30637.786438
PCP_frac,1952-02,24796,31203.402782,40916.316660
PCP_frac,1952-03,25615,28504.502378,32093.973490
PCP_frac,1952-04,25615,29253.541718,33872.471522
PCP_frac,1952-05,15805,13043.379472,13433.903515
PCP_frac,1952-06,19769,23503.182120,33410.821217
PCP_frac,1952-07,22930,30702.940052,52460.331086
PCP_frac,1952-08,14404,7871.995169,6559.010901
PCP_frac,1952-09,24590,28482.863290,38769.497018
PCP_frac,1952-10,16344,11907.411188,12741.755444
PCP_frac,1952-11,25615,27443.237445,29591.281792
PCP_frac,1952-12,25615,28087.082721,31075.324143
PCP_frac,1953-01,24572,28161.504326,33159.347341
PCP_frac,1953-02,24685,22751.460384,24395.792940
PCP_frac,1953-03,25615,31814.647677,41513.117796
PCP_frac,1953-04,24786,26758.501976,29099.189386
PCP_frac,1953-05,24030,31194.272988,42336.359118
PCP_frac,1953-06,18559,17148.569444,18762.743359
PCP_frac,1953-07,13662,9228.173719,11190.027803
PCP_frac,1953-08,20924,21910.434039,28450.193128
PCP_frac,1953-09,10592,5188.430428,4336.274957
PCP_frac,1953-10,21226,21156.146316,22926.218512
PCP_frac,1953-11,25426,28842.394482,33415.312252
PCP_frac,1953-12,24328,26267.256297,29063.577536
PCP_frac,1954-01,25615,31174.323801,39550.528631
PCP_frac,1954-02,25569,26675.298801,27906.547371
PCP_frac,1954-03,25615,28649.291040,32552.869918
PCP_frac,1954-04,22139,23534.588249,25270.829994
PCP_frac,1954-05,20018,20092.360774,24536.878428
PCP_frac,1954-06,21940,18062.722233,17528.510191
PCP_frac,1954-07,17181,20919.744309,33709.282432
PCP_frac,1954-08,18016,10427.516110,10358.807210
PCP_frac,1954-09,18670,11200.946915,12420.175494
PCP_frac,1954-10,16085,13065.915114,15282.579856
PCP_frac,1954-11,25598,30534.773557,38219.707618
PCP_frac,1954-12,24998,28331.537035,32809.910684
PCP_frac,1955-01,25615,29634.846412,35027.142267
PCP_frac,1955-02,24631,28886.109860,35153.512813
PCP_frac,1955-03,22250,24134.926148,27165.636246
PCP_frac,1955-04,25043,28670.263353,33297.168784
PCP_frac,1955-05,23844,24517.604436,27470.155636
PCP_frac,1955-06,16261,13449.978932,15066.394149
PCP_frac,1955-07,15610,6616.091157,6208.291892
PCP_frac,1955-08,14436,9567.123458,10696.331880
PCP_frac,1955-09,14491,14402.831392,17444.332757
PCP_frac,1955-10,16946,15655.097983,16518.014743
PCP_frac,1955-11,24683,28113.721967,32699.777817
PCP_frac,1955-12,25476,32963.971289,45647.592583
PCP_frac,1956-01,25507,30254.866909,36930.736709
PCP_frac,1956-02,24092,23498.287216,23362.841641
PCP_frac,1956-03,18178,20847.648990,29363.977693
PCP_frac,1956-04,25231,30000.799600,36857.578369
PCP_frac,1956-05,22544,24942.879340,27953.306947
PCP_frac,1956-06,11707,11581.426961,13541.807281
PCP_frac,1956-07,19091,21199.901215,33623.771199
PCP_frac,1956-08,9954,1768.472950,973.647613
PCP_frac,1956-09,17585,14479.660626,13907.910084
PCP_frac,1956-10,25468,30998.412909,39106.518321
PCP_frac,1956-11,14275,8229.340962,6455.992564
PCP_frac,1956-12,21832,24723.376046,29202.347337
PCP_frac,1957-01,25615,32725.699835,44883.827868
PCP_frac,1957-02,25615,30062.223631,36378.836845
PCP_frac,1957-03,25615,31495.231746,40196.476376
PCP_frac,1957-04,25603,32620.698497,43945.772065
PCP_frac,1957-05,25279,30353.719384,37542.621888
PCP_frac,1957-06,23430,25616.858828,34010.038236
PCP_frac,1957-07,15728,7325.529836,5791.174132
PCP_frac,1957-08,11414,141.559998,2.752982
PCP_frac,1957-09,20291,19494.273044,21082.372536
PCP_frac,1957-10,25615,30867.411149,38230.262650
PCP_frac,1957-11,25583,30878.019950,38418.468624
PCP_frac,1957-12,25615,29219.453338,34015.595798
PCP_frac,1958-01,25560,29238.145695,33937.602504
PCP_frac,1958-02,25615,29554.387467,35238.270478
PCP_frac,1958-03,25615,28371.886642,31734.435684
PCP_frac,1958-04,25615,28410.437415,31852.706082
PCP_frac,1958-05,25344,28219.384937,31928.397626
PCP_frac,1958-06,19744,20410.523805,23555.497077
PCP_frac,1958-07,20775,21012.756313,24399.611394
PCP_frac,1958-08,23039,32553.409141,60172.253727
PCP_frac,1958-09,24940,28221.315350,33357.220661
PCP_frac,1958-10,22715,29597.202773,47710.048772
PCP_frac,1958-11,25447,33173.523276,45749.210999
PCP_frac,1958-12,19719,19860.769152,21404.436929
PCP_frac,1959-01,25615,22072.987032,21419.182206
PCP_frac,1959-02,25615,29330.247596,34425.029109
PCP_frac,1959-03,19171,20274.212925,23001.394426
PCP_frac,1959-04,23433,26647.441133,31570.200658
PCP_frac,1959-05,20400,25517.770878,36072.054213
PCP_frac,1959-06,11301,7571.831861,7615.232049
PCP_frac,1959-07,13406,2774.123207,1351.641593
PCP_frac,1959-08,20697,19625.032578,27058.615513
PCP_frac,1959-09,25492,24763.500352,24848.680409
PCP_frac,1959-10,18570,14889.903262,15304.619785
PCP_frac,1959-11,16923,4766.426604,3658.276134
PCP_frac,1959-12,25615,32273.523621,43242.945372
PCP_frac,1960-01,25615,29942.796267,35801.029034
PCP_frac,1960-02,25615,28431.799880,32441.723655
PCP_frac,1960-03,25579,31020.531516,38984.457281
PCP_frac,1960-04,24560,26565.672099,29117.085444
PCP_frac,1960-05,22104,24339.161563,30300.814474
PCP_frac,1960-06,9967,2444.711566,2103.882208
PCP_frac,1960-07,18345,24374.724507,41436.985878
PCP_frac,1960-08,12640,2969.737999,1917.201112
PCP_frac,1960-09,22572,20130.078196,25599.919646
PCP_frac,1960-10,25183,27640.062851,32705.382596
PCP_frac,1960-11,25615,28778.667704,32688.618133
PCP_frac,1960-12,25046,35501.545141,57670.682149
PCP_frac,1961-01,25615,29261.019067,34336.855075
PCP_frac,1961-02,22773,28336.225795,37421.269712
PCP_frac,1961-03,25605,28995.711751,33312.316756
PCP_frac,1961-04,23730,29629.509647,38604.261013
PCP_frac,1961-05,21141,27720.887061,38756.964249
PCP_frac,1961-06,18898,15138.856395,15038.270136
PCP_frac,1961-07,18095,14708.878709,17215.146470
PCP_frac,1961-08,25094,39557.137087,73481.443865
PCP_frac,1961-09,20307,18059.909380,18640.863020
PCP_frac,1961-10,21632,30560.417695,52311.470146
PCP_frac,1961-11,25606,29302.644635,34054.108530
PCP_frac,1961-12,25615,27704.683513,30128.446768
PCP_frac,1962-01,25615,27866.661124,30977.240530
PCP_frac,1962-02,25615,25457.687450,25626.974225
PCP_frac,1962-03,25614,32236.872601,43483.408421
PCP_frac,1962-04,17782,16285.791173,17287.867354
PCP_frac,1962-05,24261,29308.783879,38748.173988
PCP_frac,1962-06,18072,11042.041283,9943.976417
PCP_frac,1962-07,14987,11235.095468,11451.661540
PCP_frac,1962-08,15845,10205.134541,9823.630206
PCP_frac,1962-09,21869,18801.360794,19890.957807
PCP_frac,1962-10,25535,25750.146009,27184.900289
PCP_frac,1962-11,19692,20873.793761,24573.635786
PCP_frac,1962-12,24763,27417.658086,32768.737182
PCP_frac,1963-01,25615,25449.891461,26310.075674
PCP_frac,1963-02,25615,33182.098886,46631.695085
PCP_frac,1963-03,25615,26558.895536,28374.293457
PCP_frac,1963-04,25220,28857.260892,34683.953988
PCP_frac,1963-05,19708,23992.590592,33659.600370
PCP_frac,1963-06,23671,34160.838544,60399.583812
PCP_frac,1963-07,8856,3601.583606,3422.904477
PCP_frac,1963-08,21841,33590.333971,79738.524453
PCP_frac,1963-09,25416,31139.644844,42606.321807
PCP_frac,1963-10,25615,28837.265720,33744.690720
PCP_frac,1963-11,25615,28424.637687,32634.626960
PCP_frac,1963-12,22275,21231.737884,22848.071947
PCP_frac,1964-01,25374,27682.279448,31199.307010
PCP_frac,1964-02,24879,29978.827735,40945.377976
PCP_frac,1964-03,25614,26684.327908,29322.896973
PCP_frac,1964-04,25461,28931.483228,35031.448724
PCP_frac,1964-05,25132,30507.799351,39400.363363
PCP_frac,1964-06,22721,17073.184245,16207.510982
PCP_frac,1964-07,20075,20479.842972,29693.974473
PCP_frac,1964-08,22916,15801.960164,16588.536196
PCP_frac,1964-09,20364,14670.012763,14285.008224
PCP_frac,1964-10,25446,30415.596783,39732.803355
PCP_frac,1964-11,25615,28770.321672,34151.620562
PCP_frac,1964-12,25057,28665.147461,35332.477693
PCP_frac,1965-01,25309,28185.569334,32728.049734
PCP_frac,1965-02,25548,28322.800514,32791.671595
PCP_frac,1965-03,25615,31366.540930,41635.832012
PCP_frac,1965-04,25615,28644.472780,33205.434598
PCP_frac,1965-05,21104,18579.022739,20138.525519
PCP_frac,1965-06,18261,22294.799726,33933.329024
PCP_frac,1965-07,21805,24128.818252,36082.396598
PCP_frac,1965-08,24819,29078.247815,37567.573255
PCP_frac,1965-09,20445,17441.969718,18833.237087
PCP_frac,1965-10,18563,12656.738867,11886.094832
PCP_frac,1965-11,25615,27278.365111,30092.426669
PCP_frac,1965-12,25615,29739.359377,35969.146917
PCP_frac,1966-01,25615,26812.782414,28623.356088
PCP_frac,1966-02,25614,28457.152481,32220.261756
PCP_frac,1966-03,25284,25467.084784,26850.898632
PCP_frac,1966-04,20067,16897.730755,15925.803311
PCP_frac,1966-05,22977,28723.185688,44589.480168
PCP_frac,1966-06,21923,19244.715326,21762.397485
PCP_frac,1966-07,22146,24113.119620,31534.326839
PCP_frac,1966-08,19511,19690.595259,25591.509167
PCP_frac,1966-09,25448,33697.053788,53943.541089
PCP_frac,1966-10,17496,12012.666542,12039.844879
PCP_frac,1966-11,25615,29498.709136,35442.092541
PCP_frac,1966-12,25615,26153.178708,27424.721289
PCP_frac,1967-01,25615,27360.812516,30161.134325
PCP_frac,1967-02,19385,21097.347358,24518.396745
PCP_frac,1967-03,24871,27252.824305,31263.671188
PCP_frac,1967-04,25417,28024.473687,32046.719802
PCP_frac,1967-05,22999,23759.919231,26134.815125
PCP_frac,1967-06,22095,21129.450326,21936.423956
PCP_frac,1967-07,18082,10831.562359,12761.442730
PCP_frac,1967-08,20034,21080.131198,37504.721524
PCP_frac,1967-09,25499,29152.796901,36304.114751
PCP_frac,1967-10,17128,14183.806690,14142.559599
PCP_frac,1967-11,25615,28217.692523,32190.157734
PCP_frac,1967-12,25615,27643.306038,31063.986523
PCP_frac,1968-01,22895,23747.817764,25566.772468
PCP_frac,1968-02,25598,29800.525367,37048.656337
PCP_frac,1968-03,25615,26330.444326,27594.902520
PCP_frac,1968-04,25370,26026.948856,27535.635419
PCP_frac,1968-05,21502,18526.604150,18866.669881
PCP_frac,1968-06,18768,16674.854415,18934.571642
PCP_frac,1968-07,18277,28772.849359,64247.194688
PCP_frac,1968-08,23443,23431.258925,26613.131779
PCP_frac,1968-09,12787,7442.490704,7142.223443
PCP_frac,1968-10,25400,24880.276685,24875.080323
PCP_frac,1968-11,25179,28855.290441,34322.199473
PCP_frac,1968-12,25615,29058.684108,34482.295396
PCP_frac,1969-01,25615,27342.107812,29985.981375
PCP_frac,1969-02,25615,25838.463773,26671.769574
PCP_frac,1969-03,25615,30258.629316,37322.659370
PCP_frac,1969-04,23922,25604.702921,28235.831773
PCP_frac,1969-05,23909,25650.417122,35147.597064
PCP_frac,1969-06,23838,26484.429046,35079.280124
PCP_frac,1969-07,22080,23296.322036,32208.160327
PCP_frac,1969-08,12726,9162.974146,12171.610482
PCP_frac,1969-09,23387,29223.949138,45734.729806
PCP_frac,1969-10,24181,24957.589126,27596.908707
PCP_frac,1969-11,25615,26718.332643,28645.593346
PCP_frac,1969-12,23950,26183.760091,29708.359357
PCP_frac,1970-01,25358,26979.851337,29598.428768
PCP_frac,1970-02,25615,26138.075988,27310.366383
PCP_frac,1970-03,25615,28031.157745,31841.937098
PCP_frac,1970-04,23773,26985.690463,33453.526942
PCP_frac,1970-05,14053,11137.075230,12863.497384
PCP_frac,1970-06,21337,19376.170646,20307.854113
PCP_frac,1970-07,14348,4301.438347,2490.442624
PCP_frac,1970-08,13418,171.299472,3.296182
PCP_frac,1970-09,12753,6117.896614,6509.716679
PCP_frac,1970-10,24107,22103.119655,21862.175140
PCP_frac,1970-11,25615,27642.892136,30962.305023
PCP_frac,1970-12,25585,28779.167717,33639.432842
PCP_frac,1971-01,23444,25247.091859,27739.860816
PCP_frac,1971-02,25615,33308.965596,46257.834135
PCP_frac,1971-03,24224,24166.190602,24633.417425
PCP_frac,1971-04,25395,29258.917629,34953.951793
PCP_frac,1971-05,25416,29975.713122,36659.190459
PCP_frac,1971-06,13359,9258.435698,9101.145840
PCP_frac,1971-07,17814,19918.397240,31565.096364
PCP_frac,1971-08,20202,16952.336629,17441.132207
PCP_frac,1971-09,23386,20441.727383,21269.952195
PCP_frac,1971-10,25389,27085.383353,30436.861309
PCP_frac,1971-11,23889,26857.315751,32353.672259
PCP_frac,1971-12,25615,28270.484146,32297.092115
PCP_frac,1972-01,19066,19546.228779,21548.219057
PCP_frac,1972-02,21934,24867.193601,29630.694494
PCP_frac,1972-03,15783,12572.948617,12609.155414
PCP_frac,1972-04,23921,25228.743420,27389.275376
PCP_frac,1972-05,22236,16396.435694,16717.557053
PCP_frac,1972-06,25061,31215.925441,45494.117375
PCP_frac,1972-07,13403,8144.515742,6232.602278
PCP_frac,1972-08,20477,24382.737863,35408.610634
PCP_frac,1972-09,24304,28874.328610,38128.332091
PCP_frac,1972-10,25612,31432.432655,40546.450963
PCP_frac,1972-11,25615,28073.414024,31848.736059
PCP_frac,1972-12,25427,28156.271788,32397.628532
PCP_frac,1973-01,25615,28140.823882,32216.306458
PCP_frac,1973-02,25615,27468.696301,30327.854295
PCP_frac,1973-03,25615,27693.930163,30630.545029
PCP_frac,1973-04,23276,24664.645688,29360.846816
PCP_frac,1973-05,23322,32488.758048,57893.102395
PCP_frac,1973-06,16666,8025.916038,4933.606305
PCP_frac,1973-07,12506,5158.004760,4305.616538
PCP_frac,1973-08,18916,16635.739129,21178.440889
PCP_frac,1973-09,15320,13474.299896,14963.382009
PCP_frac,1973-10,21805,23974.014828,27826.702032
PCP_frac,1973-11,25615,27528.782786,30493.462219
PCP_frac,1973-12,23671,24512.910862,26227.625016
PCP_frac,1974-01,25615,29386.629655,34986.957586
PCP_frac,1974-02,22532,26328.759001,35320.956611
PCP_frac,1974-03,25615,28419.039325,32070.071874
PCP_frac,1974-04,22825,22786.826751,23583.199781
PCP_frac,1974-05,20015,23472.153635,42892.134321
PCP_frac,1974-06,14120,10655.938834,11002.425337
PCP_frac,1974-07,24168,32340.902101,53795.437020
PCP_frac,1974-08,19045,20454.684461,27296.491869
PCP_frac,1974-09,11048,79.745066,1.014421
PCP_frac,1974-10,25615,30028.369131,36930.459476
PCP_frac,1974-11,24707,14604.045964,10119.252057
PCP_frac,1974-12,26295,0.000000,0.000000
PCP_frac,1975-01,25228,31292.459321,44125.371953
PCP_frac,1975-02,25615,27893.086140,30629.944347
PCP_frac,1975-03,25615,29354.296657,34266.514947
PCP_frac,1975-04,25614,32213.071348,42009.755525
PCP_frac,1975-05,19803,23088.376636,32551.293691
PCP_frac,1975-06,16353,14726.130262,16975.011178
PCP_frac,1975-07,21543,13447.244505,10795.804022
PCP_frac,1975-08,20947,23924.859262,30501.508095
PCP_frac,1975-09,23391,33687.934105,62978.367500
PCP_frac,1975-10,25545,34138.653840,48517.029025
PCP_frac,1975-11,24527,28630.099762,34314.004445
PCP_frac,1975-12,25324,30300.441276,37670.967100
PCP_frac,1976-01,20046,17942.161258,19019.314339
PCP_frac,1976-02,25615,29413.174922,34254.238673
PCP_frac,1976-03,25533,29637.724644,35144.477000
PCP_frac,1976-04,25615,30531.980991,37193.878088
PCP_frac,1976-05,22730,28731.147711,46115.156359
PCP_frac,1976-06,21187,18752.418338,21365.944902
PCP_frac,1976-07,21904,29488.601688,52989.437175
PCP_frac,1976-08,21216,23750.379171,28453.660124
PCP_frac,1976-09,25615,32085.873401,41532.183353
PCP_frac,1976-10,25597,36825.389625,58451.834636
PCP_frac,1976-11,25187,30757.844396,39786.948506
PCP_frac,1976-12,25436,24485.466312,25918.399481
PCP_frac,1977-01,25615,31488.911545,40109.731977
PCP_frac,1977-02,23672,25631.562308,28549.518296
PCP_frac,1977-03,25615,29625.032327,35134.692827
PCP_frac,1977-04,22130,18340.853053,19044.048794
PCP_frac,1977-05,25546,35599.837874,54650.027937
PCP_frac,1977-06,22427,27431.201168,38813.998134
PCP_frac,1977-07,16552,10610.652465,9103.750493
PCP_frac,1977-08,21813,20836.531201,22671.055723
PCP_frac,1977-09,20988,22703.173935,27765.752354
PCP_frac,1977-10,25000,34470.729748,53622.575023
PCP_frac,1977-11,23613,23600.707952,24906.208478
PCP_frac,1977-12,25615,28379.320815,31724.413863
PCP_frac,1978-01,25615,28788.265239,32864.024547
PCP_frac,1978-02,25615,26382.356233,27270.985541
PCP_frac,1978-03,25615,29147.607268,33862.307509
PCP_frac,1978-04,25615,30698.832822,38003.216268
PCP_frac,1978-05,22759,28910.590280,44602.635856
PCP_frac,1978-06,13941,14689.279705,20175.158009
PCP_frac,1978-07,16253,14700.286241,17441.146709
PCP_frac,1978-08,18531,22122.852921,32267.223213
PCP_frac,1978-09,25359,28778.935968,33292.745960
PCP_frac,1978-10,17822,7057.280815,6287.795109
PCP_frac,1978-11,25615,30421.834528,37413.049181
PCP_frac,1978-12,25615,29768.009751,35362.116255
PCP_frac,1979-01,25615,30466.977766,37795.028667
PCP_frac,1979-02,25615,28840.167476,33056.145095
PCP_frac,1979-03,25615,30762.192781,38261.605803
PCP_frac,1979-04,20203,22932.409705,31468.813769
PCP_frac,1979-05,24819,27335.809275,36007.424995
PCP_frac,1979-06,11691,5717.666049,6566.543234
PCP_frac,1979-07,22625,14330.976910,12618.568741
PCP_frac,1979-08,20261,22341.787367,30759.946879
PCP_frac,1979-09,20996,26047.604609,38378.347380
PCP_frac,1979-10,24729,30083.212914,38087.216731
PCP_frac,1979-11,22141,26866.760391,34824.400491
PCP_frac,1979-12,25585,30637.916701,37405.882540
PCP_frac,1980-01,25615,28398.709409,31979.689568
PCP_frac,1980-02,25615,29546.512285,34937.061201
PCP_frac,1980-03,25615,32443.314018,43190.480459
PCP_frac,1980-04,25615,32644.486127,43395.273070
PCP_frac,1980-05,25614,32420.696366,43773.426289
PCP_frac,1980-06,17713,19155.910785,23479.864639
PCP_frac,1980-07,22733,30293.075131,52625.660594
PCP_frac,1980-08,12125,8122.108973,8274.020518
PCP_frac,1980-09,19412,29198.755649,58347.326754
PCP_frac,1980-10,23321,29117.684959,38951.120219
PCP_frac,1980-11,17748,21311.963973,28941.848970
PCP_frac,1980-12,24512,27206.655443,30468.160434
PCP_frac,1981-01,25615,29284.699314,34205.173914
PCP_frac,1981-02,25615,31007.353255,38630.220892
PCP_frac,1981-03,25615,30453.356682,37158.601972
PCP_frac,1981-04,23652,27452.594775,33076.961947
PCP_frac,1981-05,25366,36016.307380,57467.229974
PCP_frac,1981-06,10928,6537.238637,7605.787823
PCP_frac,1981-07,13533,10566.110005,10306.705371
PCP_frac,1981-08,13808,6646.403498,4979.545879
PCP_frac,1981-09,21873,23064.990665,27396.394539
PCP_frac,1981-10,25294,28019.083452,31571.004845
PCP_frac,1981-11,25615,31252.194566,39386.021983
PCP_frac,1981-12,22697,27331.881579,34246.470681
PCP_frac,1982-01,25615,30543.155648,37400.034741
PCP_frac,1982-02,25615,31430.161534,40023.195635
PCP_frac,1982-03,25615,27499.189623,29675.185992
PCP_frac,1982-04,24966,28911.750261,34208.633457
PCP_frac,1982-05,23085,26966.817281,42384.695907
PCP_frac,1982-06,22437,24114.686888,28319.950275
PCP_frac,1982-07,19931,11420.309404,9108.406043
PCP_frac,1982-08,21843,26256.136774,40964.229937
PCP_frac,1982-09,25615,31521.684166,40765.693432
PCP_frac,1982-10,24601,27832.696200,31966.198435
PCP_frac,1982-11,25615,28844.265321,32886.396370
PCP_frac,1982-12,25615,28142.420116,31193.234152
PCP_frac,1983-01,25615,27472.573267,29582.071455
PCP_frac,1983-02,25615,26009.523437,26853.443965
PCP_frac,1983-03,25615,28198.272752,31380.708730
PCP_frac,1983-04,25559,32071.781527,41931.868496
PCP_frac,1983-05,22190,24277.126234,27393.210732
PCP_frac,1983-06,15794,15911.882340,20256.331207
PCP_frac,1983-07,13633,9576.113684,10742.908799
PCP_frac,1983-08,25604,39586.018959,68670.694448
PCP_frac,1983-09,25615,27420.978092,29511.830040
PCP_frac,1983-10,25615,29267.363474,34407.041054
PCP_frac,1983-11,25510,29757.241993,35347.656820
PCP_frac,1983-12,25615,28924.131642,33012.403699
PCP_frac,1984-01,23299,29220.720465,39210.578274
PCP_frac,1984-02,21748,26011.434787,32565.754517
PCP_frac,1984-03,22226,25560.539085,30397.993698
PCP_frac,1984-04,24152,28481.890322,34686.098668
PCP_frac,1984-05,17434,20477.335300,28766.477960
PCP_frac,1984-06,22128,19746.105068,19247.772376
PCP_frac,1984-07,19993,28753.597187,51445.509643
PCP_frac,1984-08,24082,25748.031251,35072.168072
PCP_frac,1984-09,24594,34189.838481,56269.186465
PCP_frac,1984-10,22850,24448.473381,28511.168032
PCP_frac,1984-11,25615,32659.665949,43757.546777
PCP_frac,1984-12,25615,32458.784206,42950.098463
PCP_frac,1985-01,25615,27149.434165,29061.108285
PCP_frac,1985-02,25514,29361.732104,34546.737993
PCP_frac,1985-03,25469,31633.172594,40995.243641
PCP_frac,1985-04,23180,30747.211731,43881.077866
PCP_frac,1985-05,19453,22963.412371,33305.940444
PCP_frac,1985-06,20562,20159.248153,22823.467131
PCP_frac,1985-07,21030,26403.398932,44045.129411
PCP_frac,1985-08,15999,10925.266376,9754.497010
PCP_frac,1985-09,25601,36374.571940,57805.956077
PCP_frac,1985-10,25486,33167.332125,46691.890833
PCP_frac,1985-11,25615,33359.236812,46186.021642
PCP_frac,1985-12,25615,33156.389691,45601.870059
PCP_frac,1986-01,25615,30290.156041,36754.522804
PCP_frac,1986-02,25615,30509.968987,37536.915446
PCP_frac,1986-03,25615,28129.865225,31273.686512
PCP_frac,1986-04,25308,29218.943571,35059.250610
PCP_frac,1986-05,20703,21696.760329,25825.537424
PCP_frac,1986-06,10303,3876.065720,3019.127532
PCP_frac,1986-07,19713,30552.932673,79345.816445
PCP_frac,1986-08,14958,6636.402404,5422.262019
PCP_frac,1986-09,25192,29304.633920,35328.645665
PCP_frac,1986-10,24287,37148.784335,69064.686905
PCP_frac,1986-11,25615,30285.939724,37538.136778
PCP_frac,1986-12,25615,30861.497106,38253.675705
PCP_frac,1987-01,25615,28796.375806,32794.023169
PCP_frac,1987-02,25609,32137.639898,42292.492567
PCP_frac,1987-03,25502,31217.845941,39603.506757
PCP_frac,1987-04,24937,33045.673306,47798.980051
PCP_frac,1987-05,25127,32625.650377,48548.237305
PCP_frac,1987-06,22532,27574.804075,41477.891681
PCP_frac,1987-07,18887,16422.928712,18416.865670
PCP_frac,1987-08,15402,16168.948730,23316.825326
PCP_frac,1987-09,17768,25248.282054,53132.562287
PCP_frac,1987-10,25615,30831.144043,38146.771259
PCP_frac,1987-11,25615,28569.046015,32215.722605
PCP_frac,1987-12,25615,31544.346651,40131.008153
PCP_frac,1988-01,25615,30714.559227,37929.011161
PCP_frac,1988-02,25615,28962.364763,33610.090184
PCP_frac,1988-03,25468,25824.487875,27101.496956
PCP_frac,1988-04,25615,29352.880805,34296.006246
PCP_frac,1988-05,22495,30494.351168,46623.342960
PCP_frac,1988-06,24041,27989.630619,35736.547214
PCP_frac,1988-07,15447,12056.793795,13285.901689
PCP_frac,1988-08,17047,23105.364013,41756.615564
PCP_frac,1988-09,17445,26573.839107,60339.769721
PCP_frac,1988-10,15638,14370.237770,18398.950563
PCP_frac,1988-11,24910,30238.791966,38348.958802
PCP_frac,1988-12,25447,30959.350045,39314.329846
PCP_frac,1989-01,25615,36154.615205,56784.548102
PCP_frac,1989-02,25057,31740.920925,41936.747709
PCP_frac,1989-03,25496,32781.014345,44523.800800
PCP_frac,1989-04,21300,24707.440811,30225.913822
PCP_frac,1989-05,24595,32666.665550,48275.717778
PCP_frac,1989-06,15309,15465.823633,18194.203079
PCP_frac,1989-07,11443,627.701305,81.050441
PCP_frac,1989-08,20782,17088.152067,19811.067877
PCP_frac,1989-09,25037,30938.219822,40305.943906
PCP_frac,1989-10,24612,26631.109459,30655.026313
PCP_frac,1989-11,21269,22738.014107,25479.904979
PCP_frac,1989-12,20883,11430.470338,9378.288177
PCP_frac,1990-01,25615,34023.896901,49782.640956
PCP_frac,1990-02,25614,30467.937053,37217.584125
PCP_frac,1990-03,25537,32515.284295,43947.259595
PCP_frac,1990-04,25596,33419.549342,47282.401582
PCP_frac,1990-05,25614,32790.882666,45874.325702
PCP_frac,1990-06,18991,23990.488097,40204.324741
PCP_frac,1990-07,17538,15651.724491,17215.227795
PCP_frac,1990-08,20930,20916.665236,26400.794747
PCP_frac,1990-09,24890,36816.303397,64225.822688
PCP_frac,1990-10,22541,24057.528243,27991.686343
PCP_frac,1990-11,24889,26959.802030,30437.059599
PCP_frac,1990-12,24204,30778.771454,41387.222724
PCP_frac,1991-01,25615,31108.425247,40159.304834
PCP_frac,1991-02,25615,28956.829049,33495.755792
PCP_frac,1991-03,25615,30127.469227,36330.547347
PCP_frac,1991-04,20114,24226.311198,31440.578137
PCP_frac,1991-05,22104,32015.804996,54800.872901
PCP_frac,1991-06,20097,19793.368464,23321.901345
PCP_frac,1991-07,19359,18189.297743,22326.956903
PCP_frac,1991-08,22032,21139.884110,25815.891267
PCP_frac,1991-09,23257,25692.168664,36020.649641
PCP_frac,1991-10,25607,27836.087577,31062.488841
PCP_frac,1991-11,25391,28651.484940,34195.092782
PCP_frac,1991-12,25615,33032.998459,45683.403434
PCP_frac,1992-01,25615,31039.927982,38849.554015
PCP_frac,1992-02,25615,30070.853408,36393.289790
PCP_frac,1992-03,25615,30079.472393,35952.140957
PCP_frac,1992-04,25216,39679.798596,80274.400162
PCP_frac,1992-05,22199,30404.110202,49825.200534
PCP_frac,1992-06,16767,18293.359030,24180.714530
PCP_frac,1992-07,23211,28041.318541,40077.184944
PCP_frac,1992-08,16785,8497.123999,6248.255357
PCP_frac,1992-09,13444,6433.588349,4562.296923
PCP_frac,1992-10,25615,27190.413777,29052.375076
PCP_frac,1992-11,17422,20540.456624,28885.861499
PCP_frac,1992-12,25615,29042.784916,33568.540304
PCP_frac,1993-01,25615,31686.449468,43355.002159
PCP_frac,1993-02,25615,30814.124198,38148.166168
PCP_frac,1993-03,25615,30069.379180,36233.774949
PCP_frac,1993-04,18754,20983.449149,25634.977922
PCP_frac,1993-05,24051,23875.296155,25328.919801
PCP_frac,1993-06,24475,26482.842224,28838.343767
PCP_frac,1993-07,8065,1296.786344,530.986648
PCP_frac,1993-08,16241,13901.064140,15182.851742
PCP_frac,1993-09,12087,7781.649482,12602.796471
PCP_frac,1993-10,25465,26593.279670,29299.767251
PCP_frac,1993-11,25615,28101.613862,31513.171011
PCP_frac,1993-12,24970,28096.432981,32118.924945
PCP_frac,1994-01,25612,29824.708723,35392.708566
PCP_frac,1994-02,25615,30051.926715,36123.911082
PCP_frac,1994-03,25615,33486.842734,45527.586244
PCP_frac,1994-04,25072,31389.769346,41479.885534
PCP_frac,1994-05,25545,31834.614288,41200.081263
PCP_frac,1994-06,12289,11423.947752,14780.628056
PCP_frac,1994-07,13795,8775.010369,7918.020829
PCP_frac,1994-08,11114,3710.277118,1876.937769
PCP_frac,1994-09,23383,28528.229297,38894.304009
PCP_frac,1994-10,24821,29642.003857,36925.556616
PCP_frac,1994-11,25615,32294.692565,42619.795938
PCP_frac,1994-12,25615,28587.324449,32337.920278
PCP_frac,1995-01,25615,30029.130685,36157.156183
PCP_frac,1995-02,25613,29946.862689,35686.995844
PCP_frac,1995-03,25615,29262.108789,34420.492609
PCP_frac,1995-04,25615,29133.570781,33644.396545
PCP_frac,1995-05,24983,31696.995713,41941.218543
PCP_frac,1995-06,23586,25373.674754,28041.524333
PCP_frac,1995-07,20317,35370.617691,76580.764794
PCP_frac,1995-08,13642,11602.358697,17335.761967
PCP_frac,1995-09,15284,6713.576513,4965.802941
PCP_frac,1995-10,11220,5627.801684,6662.193676
PCP_frac,1995-11,20117,28585.354704,50104.413484
PCP_frac,1995-12,25429,31559.953691,41244.711308
PCP_frac,1996-01,25387,30818.639766,38786.456126
PCP_frac,1996-02,25615,28646.340515,32347.036052
PCP_frac,1996-03,25615,30855.667398,38325.379459
PCP_frac,1996-04,21678,24946.346476,29551.866845
PCP_frac,1996-05,24257,22877.468853,22991.495905
PCP_frac,1996-06,16259,14972.601264,17506.228148
PCP_frac,1996-07,18397,21150.910080,29245.117980
PCP_frac,1996-08,16037,10625.079733,9943.367012
PCP_frac,1996-09,18719,18546.453459,23793.600701
PCP_frac,1996-10,25327,30420.453928,37927.502884
PCP_frac,1996-11,25549,30945.721369,39020.792379
PCP_frac,1996-12,25527,29284.364845,34194.757382
PCP_frac,1997-01,25615,30400.832627,37040.213354
PCP_frac,1997-02,25029,34056.425536,50077.583306
PCP_frac,1997-03,21169,25161.345244,31826.749766
PCP_frac,1997-04,23359,32809.610340,58471.486693
PCP_frac,1997-05,21318,24877.120752,31711.248197
PCP_frac,1997-06,22338,27148.181102,36665.152968
PCP_frac,1997-07,19698,21936.751190,32144.340078
PCP_frac,1997-08,19793,11505.925647,10475.779752
PCP_frac,1997-09,24880,34963.467292,55710.390117
PCP_frac,1997-10,24176,26409.504748,29852.645038
PCP_frac,1997-11,25384,30861.099706,38963.021018
PCP_frac,1997-12,25615,28182.171759,31550.712858
PCP_frac,1998-01,25614,26351.396169,28819.746344
PCP_frac,1998-02,26295,0.000000,0.000000
PCP_frac,1998-03,26295,0.000000,0.000000
PCP_frac,1998-04,26185,0.000000,0.000000
PCP_frac,1998-05,26159,0.000000,0.000000
PCP_frac,1998-06,23496,0.000000,0.000000
PCP_frac,1998-07,20180,0.000000,0.000000
PCP_frac,1998-08,16668,0.000000,0.000000
PCP_frac,1998-09,26222,0.000000,0.000000
PCP_frac,1998-10,25670,0.000000,0.000000
PCP_frac,1998-11,26276,0.000000,0.000000
PCP_frac,1998-12,26118,0.000000,0.000000
PCP_frac,1999-01,25274,27793.080860,30844.993266
PCP_frac,1999-02,25577,29137.587425,33843.023852
PCP_frac,1999-03,23584,29700.691747,39266.703618
PCP_frac,1999-04,25609,33858.933798,47702.463157
PCP_frac,1999-05,25049,36558.622497,66987.402156
PCP_frac,1999-06,24741,30609.118757,51898.663099
PCP_frac,1999-07,19505,26825.354115,58663.638915
PCP_frac,1999-08,21999,22875.416904,31746.421941
PCP_frac,1999-09,23729,13618.236357,11536.362296
PCP_frac,1999-10,13905,13606.693769,14710.969079
PCP_frac,1999-11,20871,23108.814623,25847.786281
PCP_frac,1999-12,20375,23590.924560,32005.764241
PCP_frac,2000-01,25096,27889.651226,31434.169723
PCP_frac,2000-02,25613,29716.978042,35357.264314
PCP_frac,2000-03,25615,29132.555951,33735.715581
PCP_frac,2000-04,24275,27512.717694,32740.144676
PCP_frac,2000-05,23109,26721.664952,35920.432550
PCP_frac,2000-06,24592,33307.341832,52627.095462
PCP_frac,2000-07,11013,7077.589812,8519.413378
PCP_frac,2000-08,23759,26439.025194,52023.145150
PCP_frac,2000-09,23537,23527.725713,28703.068003
PCP_frac,2000-10,25559,27669.511778,30482.682908
PCP_frac,2000-11,21885,23814.558085,29115.845979
PCP_frac,2000-12,20618,20360.442433,22766.304836
PCP_frac,2001-01,25615,28742.453462,32791.130589
PCP_frac,2001-02,25615,28353.807796,31695.226574
PCP_frac,2001-03,25601,32122.071533,42705.516180
PCP_frac,2001-04,25437,31310.846758,39769.075271
PCP_frac,2001-05,17742,13612.894886,16697.479959
PCP_frac,2001-06,14250,10907.791939,10580.426298
PCP_frac,2001-07,23430,16196.836582,15030.717201
PCP_frac,2001-08,13424,1985.511114,1240.465816
PCP_frac,2001-09,22821,15598.907571,15292.601037
PCP_frac,2001-10,23944,25222.397006,27372.587414
PCP_frac,2001-11,25561,30722.349396,38041.119207
PCP_frac,2001-12,25578,31256.915850,39859.317620
PCP_frac,2002-01,25430,28761.515483,32923.251640
PCP_frac,2002-02,21753,25181.232752,31125.438195
PCP_frac,2002-03,25339,29904.795914,36199.982226
PCP_frac,2002-04,25234,36611.957878,61405.135758
PCP_frac,2002-05,21357,23407.347806,26240.186426
PCP_frac,2002-06,15492,7863.827509,7085.756215
PCP_frac,2002-07,16822,5103.229823,2856.776849
PCP_frac,2002-08,10648,1094.763142,583.190897
PCP_frac,2002-09,21086,24616.426965,46497.520123
PCP_frac,2002-10,19435,28511.799638,65646.152080
PCP_frac,2002-11,25611,29175.849315,33779.446551
PCP_frac,2002-12,25591,28697.879167,32604.111387
PCP_frac,2003-01,25084,32228.409845,46618.312328
PCP_frac,2003-02,25615,29956.189921,35701.583265
PCP_frac,2003-03,25593,30628.289533,37452.961987
PCP_frac,2003-04,25551,30178.541773,36579.914774
PCP_frac,2003-05,23342,27319.124740,32655.146675
PCP_frac,2003-06,16689,3110.478614,2458.638277
PCP_frac,2003-07,24731,22359.785919,28570.005442
PCP_frac,2003-08,25117,31442.038293,43920.761788
PCP_frac,2003-09,22504,25084.564376,35169.747066
PCP_frac,2003-10,18657,9309.549636,7443.344640
PCP_frac,2003-11,25615,30745.012881,39472.648005
PCP_frac,2003-12,25582,31143.715827,39747.696528
PCP_frac,2004-01,24978,29117.823749,34638.297876
PCP_frac,2004-02,25615,29639.854370,35317.444461
PCP_frac,2004-03,25582,33167.636189,46351.867431
PCP_frac,2004-04,24192,34026.207073,54494.587613
PCP_frac,2004-05,17806,16838.447464,19531.610099
PCP_frac,2004-06,15886,9628.392919,10669.741099
PCP_frac,2004-07,17386,8060.262184,5550.560288
PCP_frac,2004-08,19075,4844.575353,3415.072938
PCP_frac,2004-09,22626,21656.330687,25900.515609
PCP_frac,2004-10,25615,31815.343674,41622.374920
PCP_frac,2004-11,25384,38239.093131,68099.168850
PCP_frac,2004-12,25615,26197.273174,27028.222365
PCP_frac,2005-01,25615,30180.331835,36624.507312
PCP_frac,2005-02,25518,32183.939916,42928.508853
PCP_frac,2005-03,25591,33077.200067,46195.735430
PCP_frac,2005-04,25367,28422.441754,32255.078687
PCP_frac,2005-05,23959,29311.147534,37949.249110
PCP_frac,2005-06,22810,18967.154879,18924.329242
PCP_frac,2005-07,21962,1201.398375,164.555927
PCP_frac,2005-08,24066,23186.887529,42124.123911
PCP_frac,2005-09,25305,31935.848615,54023.118127
PCP_frac,2005-10,25513,32902.773921,46309.849932
PCP_frac,2005-11,23683,29515.606911,41067.251779
PCP_frac,2005-12,23514,27423.221322,33110.564228
PCP_frac,2006-01,24889,27245.906028,31126.108789
PCP_frac,2006-02,25261,29884.487358,37131.595226
PCP_frac,2006-03,25596,32077.132846,41698.201274
PCP_frac,2006-04,25557,29862.726732,36262.270157
PCP_frac,2006-05,25411,28275.572283,32354.222030
PCP_frac,2006-06,23927,14298.834513,13456.034015
PCP_frac,2006-07,23783,32027.708589,72797.015024
PCP_frac,2006-08,20487,10294.256620,10473.633794
PCP_frac,2006-09,20956,2576.676350,1437.779078
