PCP_summed,1921-10,25615,615818.991307,35832684.785360
PCP_summed,1921-11,25615,1125138.841581,205109050.341353
PCP_summed,1921-12,25615,3771473.778794,838794544.473581
PCP_summed,1922-01,25615,2314819.317465,311401355.253213
PCP_summed,1922-02,25615,3716607.483724,986082178.253263
PCP_summed,1922-03,25615,2144658.589360,343890703.935868
PCP_summed,1922-04,25615,427212.373726,16538094.984561
PCP_summed,1922-05,25615,460105.094954,20175166.146286
PCP_summed,1922-06,25615,134770.428060,2219075.416829
PCP_summed,1922-07,25615,63951.804638,866093.039935
PCP_summed,1922-08,25615,163651.505961,10414953.456525
PCP_summed,1922-09,25615,26635.078861,447332.154019
PCP_summed,1922-10,25615,750281.147537,62550201.085031
PCP_summed,1922-11,25615,158702089.226345,1852655430531.579346
PCP_summed,1922-12,25615,3761713.737179,1093459782.455767
PCP_summed,1923-01,25615,1821945.534771,267511282.826981
PCP_summed,1923-02,25615,715566.775210,40106046.350385
PCP_summed,1923-03,25615,308593.090778,13460052.982362
PCP_summed,1923-04,25615,2168734.669817,321678494.210188
PCP_summed,1923-05,25615,285256.814753,13107261.409083
PCP_summed,1923-06,25615,376205.410926,19491475.700478
PCP_summed,1923-07,25615,34869.033799,551731.861323
PCP_summed,1923-08,25615,80726.623277,834107.345371
PCP_summed,1923-09,25615,584977.769551,25277350.412502
PCP_summed,1923-10,25615,677478.421806,48968152.942936
PCP_summed,1923-11,25615,570956.619622,41716753.175921
PCP_summed,1923-12,25615,1485530.277760,178776834.299242
PCP_summed,1924-01,25615,1146965.303152,110109387.844010
PCP_summed,1924-02,25615,1201895.113216,161951891.616063
PCP_summed,1924-03,25615,1692743.203158,187297740.966399
PCP_summed,1924-04,25615,548943.137340,25002459.743485
PCP_summed,1924-05,25615,62966.728164,1207089.330291
PCP_summed,1924-06,25615,36007.820235,463656.696979
PCP_summed,1924-07,25615,5467.625127,19615.591699
PCP_summed,1924-08,25615,87729.900803,2445288.143093
PCP_summed,1924-09,25615,84440.123964,3087825.052214
PCP_summed,1924-10,25615,1911879.400122,430010498.187268
PCP_summed,1924-11,25615,1479356.577626,224007708.026668
PCP_summed,1924-12,25615,2703134.477652,531581397.887483
PCP_summed,1925-01,25615,1159428.365278,183411257.929838
PCP_summed,1925-02,25615,3345322.118048,1086698839.398277
PCP_summed,1925-03,25615,1608390.544482,163654204.812801
PCP_summed,1925-04,25615,2125374.306819,345795831.867702
PCP_summed,1925-05,25615,1031801.556669,95820101.577184
PCP_summed,1925-06,25615,328356.847772,10458028.178155
PCP_summed,1925-07,25615,167721.867942,5824235.459460
PCP_summed,1925-08,25615,129594.354408,2020368.435888
PCP_summed,1925-09,25615,492965.268776,39079620.352768
PCP_summed,1925-10,25615,868214.372581,55889106.702783
PCP_summed,1925-11,25615,1244544.694466,170493399.739755
PCP_summed,1925-12,25615,1431550.636303,176316612.577884
PCP_summed,1926-01,25615,2075122.475216,355605449.591533
PCP_summed,1926-02,25615,3269959.931258,777253733.145514
PCP_summed,1926-03,25615,298711.375193,8023315.421775
PCP_summed,1926-04,25615,2999718.917858,598920155.199246
PCP_summed,1926-05,25615,450545.787611,26856098.511600
PCP_summed,1926-06,25615,13825.974834,70185.033611
PCP_summed,1926-07,25615,17155.365232,172480.717392
PCP_summed,1926-08,25615,58512.596530,849478.391352
PCP_summed,1926-09,25615,25251.396026,329536.347727
PCP_summed,1926-10,25615,2474740.890557,524148856.912431
PCP_summed,1926-11,25615,4911004.942280,1898169963.579962
PCP_summed,1926-12,25615,2474740.890557,524148856.912431
PCP_summed,1927-01,25615,2622578.615868,652843895.471590
PCP_summed,1927-02,25615,5581735.338924,2002809963.987373
PCP_summed,1927-03,25615,1806594.257806,237159775.929274
PCP_summed,1927-04,25615,1392973.818842,169987772.377805
PCP_summed,1927-05,25615,495423.466603,28308038.206730
PCP_summed,1927-06,25615,250954.260083,6434261.456869
PCP_summed,1927-07,25615,88360.920562,2158163.446716
PCP_summed,1927-08,25615,11346.324923,43054.918409
PCP_summed,1927-09,25615,108346.793168,2385636.312763
PCP_summed,1927-10,25615,1384036.267349,105701168.753232
PCP_summed,1927-11,25615,2583170.864391,653009209.833356
PCP_summed,1927-12,25615,2428656.409469,329753705.382206
PCP_summed,1928-01,25615,1443710.678696,260320001.422888
PCP_summed,1928-02,25615,1582446.031490,168406549.961582
PCP_summed,1928-03,25615,3209016.706575,883054406.051426
PCP_summed,1928-04,25615,1070457.505687,136432168.686502
PCP_summed,1928-05,25615,344364.575455,11461799.660755
PCP_summed,1928-06,25615,71202.955639,972242.021679
PCP_summed,1928-07,25615,1572.602380,1662.257517
PCP_summed,1928-08,25615,3057.546294,5157.409979
PCP_summed,1928-09,25615,86628.632732,2462481.861306
PCP_summed,1928-10,25615,439004.918449,43182387.088716
PCP_summed,1928-11,25615,1920317.356822,296074020.779376
PCP_summed,1928-12,25615,2495702.246314,478946227.365757
PCP_summed,1929-01,25615,1453729.927667,154751628.188827
PCP_summed,1929-02,25615,1191687.514577,106706805.134074
PCP_summed,1929-03,25615,1511468.668457,164799342.249377
PCP_summed,1929-04,25615,1329625.910716,144448548.151645
PCP_summed,1929-05,25615,121020.466236,3354437.378708
PCP_summed,1929-06,25615,786570.866956,57044091.193685
PCP_summed,1929-07,25615,630.295812,162.430901
PCP_summed,1929-08,25615,126093.483496,4646700.092752
PCP_summed,1929-09,25615,212234.944233,9029074.143815
PCP_summed,1929-10,25615,129692.803250,3483774.818955
PCP_summed,1929-11,25615,1430.719502,4454.296939
PCP_summed,1929-12,25615,3134033.028841,1203821724.416056
PCP_summed,1930-01,25615,3427398.512659,700395617.436035
PCP_summed,1930-02,25615,2013844.501167,353431456.867390
PCP_summed,1930-03,25615,2231395.946055,292478645.291795
PCP_summed,1930-04,25615,1098230.292231,105151941.564688
PCP_summed,1930-05,25615,996944.338686,76415202.715148
PCP_summed,1930-06,25615,9275.785816,49715.646837
PCP_summed,1930-07,25615,3380.571331,7422.874116
PCP_summed,1930-08,25615,23253.550020,134593.201834
PCP_summed,1930-09,25615,479984.377401,30239755.203030
PCP_summed,1930-10,25615,434769.785903,19565110.597109
PCP_summed,1930-11,25615,1499895.626799,161743527.641288
PCP_summed,1930-12,25615,543401.424430,70107915.696316
PCP_summed,1931-01,25615,2751916.909433,509457202.331106
PCP_summed,1931-02,25615,1909556.328906,198140146.536557
PCP_summed,1931-03,25615,1100214.788982,157543640.022272
PCP_summed,1931-04,25615,1022633.117514,80370716.218275
PCP_summed,1931-05,25615,638261.154049,30440775.221537
PCP_summed,1931-06,25615,692486.721701,40679861.331423
PCP_summed,1931-07,25615,40062.359145,439408.389521
PCP_summed,1931-08,25615,611286.772941,72371007.315765
PCP_summed,1931-09,25615,226925.489497,5811866.460843
PCP_summed,1931-10,25615,1058642.941272,122320678.933628
PCP_summed,1931-11,25615,1993692.945668,270246349.008838
PCP_summed,1931-12,25615,5278278.287099,1851124599.290760
PCP_summed,1932-01,25615,2242886.053961,399523999.750273
PCP_summed,1932-02,25615,2632248.044348,510177514.286371
PCP_summed,1932-03,25615,999790.856101,217582649.705568
PCP_summed,1932-04,25615,1135638.611973,157216278.692615
PCP_summed,1932-05,25615,874943.081862,74963752.012399
PCP_summed,1932-06,25615,264118.806108,7696716.293271
PCP_summed,1932-07,25615,25075.064730,159565.817702
PCP_summed,1932-08,25615,4524.586130,8495.305308
PCP_summed,1932-09,25615,104098.472770,2286429.443637
PCP_summed,1932-10,25615,596164.716685,56299816.512462
PCP_summed,1932-11,25615,925236.732263,224430565.141978
PCP_summed,1932-12,25615,2076418.990676,326597771.006606
PCP_summed,1933-01,25615,4150423.369708,1064806784.151580
PCP_summed,1933-02,25615,641817.978985,66651383.552927
PCP_summed,1933-03,25615,1860717.656171,422010830.523876
PCP_summed,1933-04,25615,583060.239789,35992914.671910
PCP_summed,1933-05,25615,1201438.606295,162135564.250611
PCP_summed,1933-06,25615,232091.957429,14778165.787680
PCP_summed,1933-07,25615,12649.115974,55717.282366
PCP_summed,1933-08,25615,31134.324211,235011.989462
PCP_summed,1933-09,25615,169729.606059,9774088.304205
PCP_summed,1933-10,25615,992316.429223,93387152.899598
PCP_summed,1933-11,25615,62613.128070,885497.878995
PCP_summed,1933-12,25615,3844529.261962,1171453583.367033
PCP_summed,1934-01,25615,1409234.181324,179863791.595026
PCP_summed,1934-02,25615,2204435.833592,334842132.523159
PCP_summed,1934-03,25615,701783.344041,80155556.263010
PCP_summed,1934-04,25615,445303.869659,31617991.906579
PCP_summed,1934-05,25615,568522.676460,32502564.730152
PCP_summed,1934-06,25615,546127.313524,23861533.363299
PCP_summed,1934-07,25615,9668.780248,20411.047043
PCP_summed,1934-08,25615,121709.220207,2394512.848364
PCP_summed,1934-09,25615,298521.572918,13092608.570617
PCP_summed,1934-10,25615,1520466.207957,188908487.994035
PCP_summed,1934-11,25615,2501834.175816,564851947.578636
PCP_summed,1934-12,25615,2297712.549868,337768082.181690
PCP_summed,1935-01,25615,3540274.011340,793849579.208506
PCP_summed,1935-02,25615,1893743.043397,213187833.628602
PCP_summed,1935-03,25615,2460263.311747,405682971.956836
PCP_summed,1935-04,25615,2837031.519487,583181305.730396
PCP_summed,1935-05,25615,265090.617521,9178245.530993
PCP_summed,1935-06,25615,726.080200,429.323708
PCP_summed,1935-07,25615,63088.433513,1037798.892080
PCP_summed,1935-08,25615,393838.774741,20000174.113299
PCP_summed,1935-09,25615,167423.406420,4475679.031412
PCP_summed,1935-10,25615,870224.851868,72356927.087104
PCP_summed,1935-11,25615,819131.674828,52541428.531760
PCP_summed,1935-12,25615,2076869.678744,373895128.159994
PCP_summed,1936-01,25615,3412707.852103,1281992213.147551
PCP_summed,1936-02,25615,5524024.781243,1941435371.225718
PCP_summed,1936-03,25615,1195876.701038,91965526.238115
PCP_summed,1936-04,25615,1032973.922967,81887650.605448
PCP_summed,1936-05,25615,534318.142945,41514313.142095
PCP_summed,1936-06,25615,594715.031205,37273024.051195
PCP_summed,1936-07,25615,326285.015205,13883536.590258
PCP_summed,1936-08,25615,99590.689334,3690548.525044
PCP_summed,1936-09,25615,87986.901816,1532971.517872
PCP_summed,1936-10,25615,848276.378214,53704604.238848
PCP_summed,1936-11,25615,137142.287583,4166316.735813
PCP_summed,1936-12,25615,3346586.174191,667031357.662312
PCP_summed,1937-01,25615,2643665.783598,459900375.274529
PCP_summed,1937-02,25615,4492664.355346,1275417352.802444
PCP_summed,1937-03,25615,3533361.406000,781336929.338368
PCP_summed,1937-04,25615,1327600.240386,269196031.820300
PCP_summed,1937-05,25615,349179.170897,31025043.697848
PCP_summed,1937-06,25615,585156.706975,51302452.877052
PCP_summed,1937-07,25615,186230.354072,7344748.986587
PCP_summed,1937-08,25615,467.775227,118.511462
PCP_summed,1937-09,25615,49965.727031,1423783.790812
PCP_summed,1937-10,25615,862561.382398,100873547.969110
PCP_summed,1937-11,25615,2807378.120987,1173828171.158397
PCP_summed,1937-12,25615,3766069.873014,960081194.004305
PCP_summed,1938-01,25615,2390967.817579,428642243.066736
PCP_summed,1938-02,25615,5964063.917523,2461382622.956037
PCP_summed,1938-03,25615,5596058.562855,2080628635.674935
PCP_summed,1938-04,25615,1338314.135519,122922141.228759
PCP_summed,1938-05,25615,354057.799220,12866082.294992
PCP_summed,1938-06,25615,207520.366094,10148866.152718
PCP_summed,1938-07,25615,129271.119363,2313911.022705
PCP_summed,1938-08,25615,17002.818182,81370.326732
PCP_summed,1938-09,25615,305841.518968,8489309.809410
PCP_summed,1938-10,25615,1105956.516962,116351436.033625
PCP_summed,1938-11,25615,851237.871854,95303842.745476
PCP_summed,1938-12,25615,2170954.104016,344741877.010926
PCP_summed,1939-01,25615,2524214.891416,380293235.106512
PCP_summed,1939-02,25615,1530455.200943,182641516.536421
PCP_summed,1939-03,25615,2011603.540894,271561692.407243
PCP_summed,1939-04,25615,437595.123694,17386898.239731
PCP_summed,1939-05,25615,761411.536688,55288197.231145
PCP_summed,1939-06,25615,108497.866579,3797832.890009
PCP_summed,1939-07,25615,97920.756273,2110694.434811
PCP_summed,1939-08,25615,121803.076590,2950555.903653
PCP_summed,1939-09,25615,1811263.488837,316972828.615545
PCP_summed,1939-10,25615,731095.562480,55629972.766601
PCP_summed,1939-11,25615,604292.125533,33014389.993726
PCP_summed,1939-12,25615,2404243.666712,894044890.757266
PCP_summed,1940-01,25615,4792125.185320,1554376745.538978
PCP_summed,1940-02,25615,5536410.364924,2087998596.133090
PCP_summed,1940-03,25615,2421354.702941,534198577.453752
PCP_summed,1940-04,25615,981046.163219,70920914.661554
PCP_summed,1940-05,25615,410968.464288,23550907.138583
PCP_summed,1940-06,25615,96953.399506,2154941.715513
PCP_summed,1940-07,25615,1457.581242,3405.999035
PCP_summed,1940-08,25615,1122.760809,1294.194332
PCP_summed,1940-09,25615,524896.149692,43302868.375891
PCP_summed,1940-10,25615,1111081.742894,110675123.867600
PCP_summed,1940-11,25615,1040456.212424,119123824.512068
PCP_summed,1940-12,25615,5746258.517610,2068586397.246113
PCP_summed,1941-01,25615,3942373.501658,1211916386.570853
PCP_summed,1941-02,25615,4722881.072455,1288079897.592088
PCP_summed,1941-03,25615,3154875.451090,605349813.886956
PCP_summed,1941-04,25615,2706032.015061,416353940.689785
PCP_summed,1941-05,25615,943160.669615,109147324.829141
PCP_summed,1941-06,25615,358760.599782,20616869.149245
PCP_summed,1941-07,25615,67652.757497,1109467.081128
PCP_summed,1941-08,25615,542945.234701,37130975.577979
PCP_summed,1941-09,25615,134189.126380,5598155.335495
PCP_summed,1941-10,25615,1122104.020601,72731079.705767
PCP_summed,1941-11,25615,1662730.562522,247560961.824493
PCP_summed,1941-12,25615,5530867.538763,2055722427.389167
PCP_summed,1942-01,25615,2476642.030286,528565861.521502
PCP_summed,1942-02,25615,2518026.147173,578922656.359715
PCP_summed,1942-03,25615,1222389.043827,92630433.929703
PCP_summed,1942-04,25615,2405265.871833,410249478.487501
PCP_summed,1942-05,25615,1328168.067412,209078398.158961
PCP_summed,1942-06,25615,70291.046991,1741809.018373
PCP_summed,1942-07,25615,3690.918100,8425.156245
PCP_summed,1942-08,25615,107129.143891,1990308.504367
PCP_summed,1942-09,25615,35843.049232,388966.584911
PCP_summed,1942-10,25615,606916.499376,40133808.254031
PCP_summed,1942-11,25615,2827747.482861,1058626621.341438
PCP_summed,1942-12,25615,2664092.134172,751294893.719083
PCP_summed,1943-01,25615,5315286.652167,1653016036.217409
PCP_summed,1943-02,25615,1756478.391614,202191863.158540
PCP_summed,1943-03,25615,3022589.391966,576185670.999631
PCP_summed,1943-04,25615,1484819.489046,144300250.587627
PCP_summed,1943-05,25615,463395.677917,71378509.991863
PCP_summed,1943-06,25615,444216.145999,28394002.002978
PCP_summed,1943-07,25615,23562.705696,189182.820268
PCP_summed,1943-08,25615,535.018203,227.381786
PCP_summed,1943-09,25615,45603.626966,379750.389736
PCP_summed,1943-10,25615,1141190.606360,149581085.414040
PCP_summed,1943-11,25615,768339.416497,90453793.311000
PCP_summed,1943-12,25615,2386620.007668,355718024.608332
PCP_summed,1944-01,25615,2113562.481511,343089328.041639
PCP_summed,1944-02,25615,3909377.791005,855329460.781448
PCP_summed,1944-03,25615,1421591.345135,146818572.051866
PCP_summed,1944-04,25615,1531230.960756,200094469.870292
PCP_summed,1944-05,25615,549636.433636,33865711.057294
PCP_summed,1944-06,25615,551871.653239,46597064.332517
PCP_summed,1944-07,25615,120268.279830,5565882.667210
PCP_summed,1944-08,25615,16449.955891,165677.703064
PCP_summed,1944-09,25615,100802.733399,2712145.786223
PCP_summed,1944-10,25615,790999.839782,67518971.785015
PCP_summed,1944-11,25615,3934063.814394,1032259266.626467
PCP_summed,1944-12,25615,1946768.324180,342578126.588935
PCP_summed,1945-01,25615,937270.124731,100084094.555620
PCP_summed,1945-02,25615,3407280.846339,829351313.453665
PCP_summed,1945-03,25615,2996343.701486,624580707.475409
PCP_summed,1945-04,25615,427061.071494,21026996.347826
PCP_summed,1945-05,25615,1161083.986961,166725239.270609
PCP_summed,1945-06,25615,339301.884891,19185719.658656
PCP_summed,1945-07,25615,97045.787142,3724098.722866
PCP_summed,1945-08,25615,852054.093164,130495469.822851
PCP_summed,1945-09,25615,170472.918919,4657264.455651
PCP_summed,1945-10,25615,2266550.523664,369629045.633227
PCP_summed,1945-11,25615,2411981.112656,770635187.530424
PCP_summed,1945-12,25615,4767760.684242,1682113018.804372
PCP_summed,1946-01,25615,1229960.687410,208674844.223128
PCP_summed,1946-02,25615,1599453.401127,240736364.204547
PCP_summed,1946-03,25615,2125240.190867,352599745.607991
PCP_summed,1946-04,25615,309145.041565,11163291.362867
PCP_summed,1946-05,25615,415909.536832,14131191.251256
PCP_summed,1946-06,25615,43178.622952,727310.607315
PCP_summed,1946-07,25615,420631.549861,19145389.480839
PCP_summed,1946-08,25615,17849.327810,98686.252930
PCP_summed,1946-09,25615,238941.647988,6694732.753310
PCP_summed,1946-10,25615,807416.958916,74270840.572667
PCP_summed,1946-11,25615,3420512.691434,740901072.290064
PCP_summed,1946-12,25615,1824625.179206,198187171.542579
PCP_summed,1947-01,25615,785142.386803,74494081.302817
PCP_summed,1947-02,25615,1272413.802581,140638583.444351
PCP_summed,1947-03,25615,2182536.141724,477329890.107851
PCP_summed,1947-04,25615,605416.884630,31296411.010024
PCP_summed,1947-05,25615,360764.201321,11240908.152493
PCP_summed,1947-06,25615,569762.690513,47982632.665248
PCP_summed,1947-07,25615,203880.739819,56781781.174613
PCP_summed,1947-08,25615,205334.778612,6840398.484933
PCP_summed,1947-09,25615,78174.372793,1460681.765299
PCP_summed,1947-10,25615,2039795.174218,454874098.801836
PCP_summed,1947-11,25615,616802.650499,37434235.517639
PCP_summed,1947-12,25615,1221916.178879,107033256.413354
PCP_summed,1948-01,25615,1472352.339362,351530662.404175
PCP_summed,1948-02,25615,1635283.590997,300415372.925358
PCP_summed,1948-03,25615,2445394.381980,432436769.927275
PCP_summed,1948-04,25615,2930700.741333,764233592.217234
PCP_summed,1948-05,25615,907825.353493,77966749.057165
PCP_summed,1948-06,25615,495383.007991,30537060.952985
PCP_summed,1948-07,25615,59116.415436,890196.003919
PCP_summed,1948-08,25615,48406.712791,1354629.496762
PCP_summed,1948-09,25615,279196.027243,16142069.866676
PCP_summed,1948-10,25615,908453.513308,76735989.916703
PCP_summed,1948-11,25615,956877.016129,168944991.385326
PCP_summed,1948-12,25615,3094324.871120,808878428.875732
PCP_summed,1949-01,25615,1700731.772592,188857966.451891
PCP_summed,1949-02,25615,2202262.265396,456987879.720485
PCP_summed,1949-03,25615,3315628.467686,928933257.922650
PCP_summed,1949-04,25615,196756.066261,5210516.979297
PCP_summed,1949-05,25615,1106420.655682,130819025.475411
PCP_summed,1949-06,25615,56645.635247,716815.386138
PCP_summed,1949-07,25615,28367.074102,172004.107760
PCP_summed,1949-08,25615,68524.357555,800153.666673
PCP_summed,1949-09,25615,83344.709932,1809516.003627
PCP_summed,1949-10,25615,363138.415534,41572255.115806
PCP_summed,1949-11,25615,1230222.687479,123563455.576298
PCP_summed,1949-12,25615,1617268.286166,197932059.264002
PCP_summed,1950-01,25615,4082601.008779,1560407171.511120
PCP_summed,1950-02,25615,1864552.536352,265904562.542383
PCP_summed,1950-03,25615,2115911.391062,491941280.323248
PCP_summed,1950-04,25615,997286.040994,90086718.902258
PCP_summed,1950-05,25615,468474.366802,27865994.790416
PCP_summed,1950-06,25615,291883.487978,16493911.964241
PCP_summed,1950-07,25615,164785.014194,4310644.993793
PCP_summed,1950-08,25615,41327.094943,510868.205185
PCP_summed,1950-09,25615,393666.214783,11286513.088866
PCP_summed,1950-10,25615,2784107.049535,1227881057.647271
PCP_summed,1950-11,25615,2965654.440249,787214695.312472
PCP_summed,1950-12,25615,2993171.359003,847348562.005037
PCP_summed,1951-01,25615,3152610.319232,897606177.661438
PCP_summed,1951-02,25615,1909295.040210,375867361.735191
PCP_summed,1951-03,25615,951348.461460,111492444.366514
PCP_summed,1951-04,25615,1167135.284150,82869329.900891
PCP_summed,1951-05,25615,803156.630985,59019368.508443
PCP_summed,1951-06,25615,47850.122506,908245.144050
PCP_summed,1951-07,25615,7822.693702,18177.440393
PCP_summed,1951-08,25615,158061.662812,4837116.206448
PCP_summed,1951-09,25615,31927.742594,371926.717951
PCP_summed,1951-10,25615,1324417.534023,175675844.620851
PCP_summed,1951-11,25615,2620606.573663,720985262.073862
PCP_summed,1951-12,25615,5250073.300658,1947520045.102670
PCP_summed,1952-01,25615,5298525.564369,1775392151.283557
PCP_summed,1952-02,25615,1999481.920643,447230571.683419
PCP_summed,1952-03,25615,3414522.777695,683152332.738175
PCP_summed,1952-04,25615,1056579.802279,65496875.564017
PCP_summed,1952-05,25615,321380.469070,14883372.392647
PCP_summed,1952-06,25615,571889.695715,44851703.818932
PCP_summed,1952-07,25615,380319.153502,16339472.320714
PCP_summed,1952-08,25615,15995.857348,75656.894020
PCP_summed,1952-09,25615,349026.173891,12586534.505547
PCP_summed,1952-10,25615,106410.394841,2461485.179743
PCP_summed,1952-11,25615,1621872.073481,153530486.068568
PCP_summed,1952-12,25615,5043162.486273,2013837433.272744
PCP_summed,1953-01,25615,3414078.735842,1537730102.278259
PCP_summed,1953-02,25615,443761.095309,54563272.904932
PCP_summed,1953-03,25615,1791068.067050,315862658.573997
PCP_summed,1953-04,25615,1503180.507969,184378601.391222
PCP_summed,1953-05,25615,1323270.312034,235249050.944514
PCP_summed,1953-06,25615,469383.266359,26911564.658332
PCP_summed,1953-07,25615,53222.261492,1288332.390445
PCP_summed,1953-08,25615,202890.415305,6283664.578849
PCP_summed,1953-09,25615,23357.552107,314713.703077
PCP_summed,1953-10,25615,678970.566089,84978576.205226
PCP_summed,1953-11,25615,2179118.481543,575404142.309325
PCP_summed,1953-12,25615,996179.789191,146665768.364414
PCP_summed,1954-01,25615,4472092.130516,1675119643.214268
PCP_summed,1954-02,25615,2144368.989034,339748707.972801
PCP_summed,1954-03,25615,2917677.718571,526128634.293505
PCP_summed,1954-04,25615,1153542.326469,148812108.412123
PCP_summed,1954-05,25615,112067.930009,2163820.119482
PCP_summed,1954-06,25615,472716.537837,27349695.509171
PCP_summed,1954-07,25615,188462.519548,7617793.754148
PCP_summed,1954-08,25615,256792.072595,14518120.993968
PCP_summed,1954-09,25615,119732.869792,4280085.416625
PCP_summed,1954-10,25615,297533.550422,32320394.183135
PCP_summed,1954-11,25615,2026373.512274,321953241.614308
PCP_summed,1954-12,25615,2693979.723660,686746554.184537
PCP_summed,1955-01,25615,2704418.649155,422053970.615730
PCP_summed,1955-02,25615,1212318.443546,123690135.214087
PCP_summed,1955-03,25615,550732.822252,40349720.483309
PCP_summed,1955-04,25615,1847644.665733,326535557.752629
PCP_summed,1955-05,25615,490222.394409,19900333.305623
PCP_summed,1955-06,25615,85405.178893,1806268.915448
PCP_summed,1955-07,25615,54337.539800,755759.877315
PCP_summed,1955-08,25615,172799.463544,6764258.093240
PCP_summed,1955-09,25615,277165.284012,13185283.638382
PCP_summed,1955-10,25615,314861.641958,26377591.448112
PCP_summed,1955-11,25615,1966077.427510,420089391.016815
PCP_summed,1955-12,25615,7594481.211346,4682063627.133204
PCP_summed,1956-01,25615,5014600.209344,1973512125.349257
PCP_summed,1956-02,25615,2277146.905481,682526908.062249
PCP_summed,1956-03,25615,469540.734286,81170567.062252
PCP_summed,1956-04,25615,1297314.263971,111626677.733717
PCP_summed,1956-05,25615,990062.737293,82430344.166565
PCP_summed,1956-06,25615,172645.637220,6786428.839691
PCP_summed,1956-07,25615,222950.422060,7086304.195139
PCP_summed,1956-08,25615,3945.973099,11258.215137
PCP_summed,1956-09,25615,157039.719622,3182398.380140
PCP_summed,1956-10,25615,1717567.025251,351410757.326910
PCP_summed,1956-11,25615,69866.265951,1866878.787781
PCP_summed,1956-12,25615,811122.887295,153213205.756875
PCP_summed,1957-01,25615,3195424.286967,663093472.457397
PCP_summed,1957-02,25615,2636177.599443,571078155.687059
PCP_summed,1957-03,25615,2279509.054248,600706251.798035
PCP_summed,1957-04,25615,1262497.725843,100034454.190905
PCP_summed,1957-05,25615,1902049.621104,293215640.691848
PCP_summed,1957-06,25615,105422.064752,1015092.706517
PCP_summed,1957-07,25615,32952.266009,420064.020486
PCP_summed,1957-08,25615,1508.829012,787.169735
PCP_summed,1957-09,25615,738879.915160,76251076.988513
PCP_summed,1957-10,25615,2102912.442615,321610500.208224
PCP_summed,1957-11,25615,1301548.672643,177610431.365826
PCP_summed,1957-12,25615,3046931.181871,784862338.380842
PCP_summed,1958-01,25615,3194464.554758,884682811.291526
PCP_summed,1958-02,25615,5807683.635483,2512709490.073172
PCP_summed,1958-03,25615,4044886.449743,1002696989.193021
PCP_summed,1958-04,25615,2773323.439934,465302363.756199
PCP_summed,1958-05,25615,600450.677555,24757877.305615
PCP_summed,1958-06,25615,680623.479854,62939360.794811
PCP_summed,1958-07,25615,286536.381806,12393757.785904
PCP_summed,1958-08,25615,358476.016734,17180568.129229
PCP_summed,1958-09,25615,462287.887096,16118602.393569
PCP_summed,1958-10,25615,338884.714787,12592788.338572
PCP_summed,1958-11,25615,821736.256065,94241415.119640
PCP_summed,1958-12,25615,918178.537426,126392002.225037
PCP_summed,1959-01,25615,3309956.176152,1167801480.553224
PCP_summed,1959-02,25615,3746488.568542,968244622.786404
PCP_summed,1959-03,25615,721017.016353,101848528.521635
PCP_summed,1959-04,25615,399550.601027,13629516.949014
PCP_summed,1959-05,25615,452464.833096,34351743.430056
PCP_summed,1959-06,25615,45977.039801,801130.771026
PCP_summed,1959-07,25615,11440.873918,75252.079441
PCP_summed,1959-08,25615,151833.962490,4492629.495700
PCP_summed,1959-09,25615,964670.770964,77027239.611754
PCP_summed,1959-10,25615,159179.137338,6145289.132849
PCP_summed,1959-11,25615,44000.664129,1508874.448715
PCP_summed,1959-12,25615,1492752.317386,148657081.081420
PCP_summed,1960-01,25615,2769288.233648,549331390.045750
PCP_summed,1960-02,25615,3720580.037820,1112954848.688056
PCP_summed,1960-03,25615,2133880.887661,565099247.870487
PCP_summed,1960-04,25615,1011539.689511,79133761.204427
PCP_summed,1960-05,25615,898047.369195,165944079.982622
PCP_summed,1960-06,25615,7906.815061,73911.987308
PCP_summed,1960-07,25615,123535.669375,3138162.796718
PCP_summed,1960-08,25615,4099.644726,10171.303213
PCP_summed,1960-09,25615,188138.644425,4053912.861991
PCP_summed,1960-10,25615,465026.172395,30039174.981278
PCP_summed,1960-11,25615,3290765.563438,830727436.110940
PCP_summed,1960-12,25615,1649348.946714,312761641.906831
PCP_summed,1961-01,25615,1535711.811308,192954622.860821
PCP_summed,1961-02,25615,1644679.210794,405261765.408065
PCP_summed,1961-03,25615,2283305.510540,648300331.995579
PCP_summed,1961-04,25615,755227.009255,61087733.588068
PCP_summed,1961-05,25615,907035.636271,130942868.382838
PCP_summed,1961-06,25615,177023.579431,4612890.313632
PCP_summed,1961-07,25615,56894.757030,1180172.150166
PCP_summed,1961-08,25615,694212.194668,42650793.118068
PCP_summed,1961-09,25615,204632.076677,6102653.472005
PCP_summed,1961-10,25615,615303.686648,82143256.271133
PCP_summed,1961-11,25615,2242065.082717,460080854.025615
PCP_summed,1961-12,25615,1777721.760487,227622410.199749
PCP_summed,1962-01,25615,1506457.212135,142598716.284083
PCP_summed,1962-02,25615,5154367.387442,1703882975.399716
PCP_summed,1962-03,25615,2036074.431734,348811087.502394
PCP_summed,1962-04,25615,362577.731392,20738965.838129
PCP_summed,1962-05,25615,612027.542651,43450501.641608
PCP_summed,1962-06,25615,62323.337015,794679.281615
PCP_summed,1962-07,25615,52615.129367,1031536.344657
PCP_summed,1962-08,25615,207937.037561,12549258.218933
PCP_summed,1962-09,25615,232456.050636,10207402.740635
PCP_summed,1962-10,25615,2961499.629467,964390312.761851
PCP_summed,1962-11,25615,1063904.882116,250143677.181736
PCP_summed,1962-12,25615,1623291.137546,276532075.187329
PCP_summed,1963-01,25615,1744885.694111,251359944.154979
PCP_summed,1963-02,25615,3000680.541566,582668819.044767
PCP_summed,1963-03,25615,2389232.587276,455365963.926772
PCP_summed,1963-04,25615,3016758.319938,777937043.327340
PCP_summed,1963-05,25615,866393.300468,124374611.849159
PCP_summed,1963-06,25615,460969.045999,25868572.359408
PCP_summed,1963-07,25615,12103.875199,122691.981353
PCP_summed,1963-08,25615,375825.070139,21411547.301776
PCP_summed,1963-09,25615,894400.288931,62567130.159213
PCP_summed,1963-10,25615,1459339.806355,164426766.531309
PCP_summed,1963-11,25615,3165744.820843,870008716.932611
PCP_summed,1963-12,25615,620914.895535,74877424.625117
PCP_summed,1964-01,25615,2610215.509562,761972633.362139
PCP_summed,1964-02,25615,277396.009776,11074340.609644
PCP_summed,1964-03,25615,1366168.134337,161147621.942317
PCP_summed,1964-04,25615,514715.018864,21398344.487384
PCP_summed,1964-05,25615,748763.604036,48940986.848874
PCP_summed,1964-06,25615,423794.476249,23545444.825636
PCP_summed,1964-07,25615,126907.346002,3909662.162516
PCP_summed,1964-08,25615,72687.744985,950544.301197
PCP_summed,1964-09,25615,78126.604857,1055212.420238
PCP_summed,1964-10,25615,708695.891660,36699292.461510
PCP_summed,1964-11,25615,2801146.195067,730838171.460078
PCP_summed,1964-12,25615,5829191.578270,3701854655.362643
PCP_summed,1965-01,25615,2808043.735183,797610583.820609
PCP_summed,1965-02,25615,581496.316101,27048032.319082
PCP_summed,1965-03,25615,1111621.586562,74311392.489006
PCP_summed,1965-04,25615,3002721.430881,557349457.212905
PCP_summed,1965-05,25615,162536.158631,4757697.967998
PCP_summed,1965-06,25615,360663.232716,33516833.424534
PCP_summed,1965-07,25615,213428.941068,6179277.675282
PCP_summed,1965-08,25615,610761.569623,32135833.910473
PCP_summed,1965-09,25615,112993.893013,2577790.191455
PCP_summed,1965-10,25615,144769.757534,7292788.855522
PCP_summed,1965-11,25615,4585231.978121,1402116396.947520
PCP_summed,1965-12,25615,3114016.733442,647430236.495352
PCP_summed,1966-01,25615,2236893.164359,710565424.843959
PCP_summed,1966-02,25615,1383103.145527,158583785.512494
PCP_summed,1966-03,25615,1135802.091089,345546901.389502
PCP_summed,1966-04,25615,480395.664506,29155233.771034
PCP_summed,1966-05,25615,223841.353016,7026911.204114
PCP_summed,1966-06,25615,111093.991710,3064053.087486
PCP_summed,1966-07,25615,120857.393039,2061806.861098
PCP_summed,1966-08,25615,88092.807311,1051911.563472
PCP_summed,1966-09,25615,287122.064902,11844674.507351
PCP_summed,1966-10,25615,156342.049083,6687961.209125
PCP_summed,1966-11,25615,3307623.568211,953065135.812923
PCP_summed,1966-12,25615,3855608.655538,1077780854.897012
PCP_summed,1967-01,25615,4131729.502985,1311446781.145942
PCP_summed,1967-02,25615,326102.431989,14321018.664312
PCP_summed,1967-03,25615,2889369.797744,692669230.545607
PCP_summed,1967-04,25615,3023496.781393,579589733.383622
PCP_summed,1967-05,25615,396658.564663,17000013.210858
PCP_summed,1967-06,25615,487975.656276,24440035.007821
PCP_summed,1967-07,25615,65237.852136,798375.516773
PCP_summed,1967-08,25615,293868.896454,15722185.543261
PCP_summed,1967-09,25615,440383.906147,14618595.847549
PCP_summed,1967-10,25615,559443.541208,55860904.526774
PCP_summed,1967-11,25615,1904059.594788,230933687.475760
PCP_summed,1967-12,25615,2013343.605317,307778034.602693
PCP_summed,1968-01,25615,2610764.608302,716065714.716806
PCP_summed,1968-02,25615,1862526.682364,308986506.104588
PCP_summed,1968-03,25615,1677779.978014,199193922.272817
PCP_summed,1968-04,25615,344178.274395,8435035.842342
PCP_summed,1968-05,25615,476343.346450,33615737.291559
PCP_summed,1968-06,25615,168257.916549,5218930.022987
PCP_summed,1968-07,25615,615318.867776,60004298.711560
PCP_summed,1968-08,25615,575995.388527,44056050.371433
PCP_summed,1968-09,25615,46836.754937,795835.213726
PCP_summed,1968-10,25615,951073.257689,84208613.935966
PCP_summed,1968-11,25615,1864972.126487,340672991.628419
PCP_summed,1968-12,25615,3679684.139541,1341886449.533644
PCP_summed,1969-01,25615,7652849.378015,3780652850.488523
PCP_summed,1969-02,25615,4887281.517867,1486923545.689104
PCP_summed,1969-03,25615,1004770.228137,68381529.765080
PCP_summed,1969-04,25615,1221780.724316,120358790.084793
PCP_summed,1969-05,25615,325617.195575,15503983.712667
PCP_summed,1969-06,25615,471985.211683,27373140.289273
PCP_summed,1969-07,25615,171276.812769,3858888.317654
PCP_summed,1969-08,25615,29175.168026,326004.490970
PCP_summed,1969-09,25615,293558.134134,16889320.536408
PCP_summed,1969-10,25615,956025.036378,117677587.236258
PCP_summed,1969-11,25615,983660.787564,82229124.711378
PCP_summed,1969-12,25615,3549083.937347,1474329414.865554
PCP_summed,1970-01,25615,5522767.875681,3022607954.701570
PCP_summed,1970-02,25615,1446398.457814,134763050.073554
PCP_summed,1970-03,25615,1754049.770915,190651128.829456
PCP_summed,1970-04,25615,581205.849440,49405260.293406
PCP_summed,1970-05,25615,220072.581406,17523073.241504
PCP_summed,1970-06,25615,430237.839880,26560387.690095
PCP_summed,1970-07,25615,22787.793351,309784.805085
PCP_summed,1970-08,25615,2151.695761,1283.282265
PCP_summed,1970-09,25615,21015.082344,200909.560898
PCP_summed,1970-10,25615,691520.344237,67803888.786298
PCP_summed,1970-11,25615,4595027.196326,1756522813.312708
PCP_summed,1970-12,25615,2329678.717292,496525392.491367
PCP_summed,1971-01,25615,1756078.762947,395180244.933030
PCP_summed,1971-02,25615,770929.305146,123007873.214069
PCP_summed,1971-03,25615,2207533.718609,614752639.686240
PCP_summed,1971-04,25615,918689.758287,91543799.904593
PCP_summed,1971-05,25615,1098828.647738,86280107.920221
PCP_summed,1971-06,25615,287064.159345,17949525.095277
PCP_summed,1971-07,25615,91849.800971,1727571.054605
PCP_summed,1971-08,25615,190115.870384,5472996.755750
PCP_summed,1971-09,25615,447121.439236,48767179.427687
PCP_summed,1971-10,25615,403854.642612,17343885.089568
PCP_summed,1971-11,25615,1603300.359581,368635303.600468
PCP_summed,1971-12,25615,3603695.392489,888856615.792430
PCP_summed,1972-01,25615,1535446.085428,475625908.526835
PCP_summed,1972-02,25615,1547128.238939,353562196.278449
PCP_summed,1972-03,25615,929042.116446,270540082.345529
PCP_summed,1972-04,25615,973653.050040,109027572.241648
PCP_summed,1972-05,25615,342650.081872,16738024.174566
PCP_summed,1972-06,25615,426868.319152,13854865.795927
PCP_summed,1972-07,25615,12397.595037,49130.228572
PCP_summed,1972-08,25615,171205.916897,4143055.108302
PCP_summed,1972-09,25615,530575.757004,26053069.023529
PCP_summed,1972-10,25615,1330356.147190,112330195.445005
PCP_summed,1972-11,25615,2873839.193998,518452606.344752
PCP_summed,1972-12,25615,2175477.190210,471214378.528478
PCP_summed,1973-01,25615,4101676.315408,1226354737.046407
PCP_summed,1973-02,25615,3694487.708939,858011187.976896
PCP_summed,1973-03,25615,2294753.975939,319082222.364056
PCP_summed,1973-04,25615,301857.733155,12553390.860980
PCP_summed,1973-05,25615,336327.286480,11843713.350934
PCP_summed,1973-06,25615,28363.843066,275556.859876
PCP_summed,1973-07,25615,25911.754526,300026.694624
PCP_summed,1973-08,25615,98718.149881,1518098.709517
PCP_summed,1973-09,25615,446936.488423,47139148.245157
PCP_summed,1973-10,25615,1469232.805389,268251664.462587
PCP_summed,1973-11,25615,4707060.077873,2804763838.231482
PCP_summed,1973-12,25615,2792391.868734,817087402.573478
PCP_summed,1974-01,25615,4221255.943577,1237444857.308602
PCP_summed,1974-02,25615,1275195.243615,272740740.315029
PCP_summed,1974-03,25615,3960071.844097,1304506457.224633
PCP_summed,1974-04,25615,1197523.614345,131747946.962948
PCP_summed,1974-05,25615,131170.922116,2494695.345373
PCP_summed,1974-06,25615,94535.914431,1853363.870459
PCP_summed,1974-07,25615,566196.768990,28927367.006473
PCP_summed,1974-08,25615,160158.389345,3675815.654067
PCP_summed,1974-09,25615,146.362327,11.775988
PCP_summed,1974-10,25615,1094077.705602,65367561.974658
PCP_summed,1974-11,25615,430765.603591,18671500.201569
PCP_summed,1974-12,26318,0.000000,0.000000
PCP_summed,1975-01,25615,1281638.818557,241724828.706736
PCP_summed,1975-02,25615,3930697.048669,1281305397.085453
PCP_summed,1975-03,25615,4261321.022562,1530056766.230293
PCP_summed,1975-04,25615,1699207.395739,203567035.973469
PCP_summed,1975-05,25615,252373.552205,15859941.732833
PCP_summed,1975-06,25615,141450.107811,3053448.100942
PCP_summed,1975-07,25615,83548.780689,1159176.271635
PCP_summed,1975-08,25615,281692.764626,9078431.910433
PCP_summed,1975-09,25615,379417.586138,19378532.051446
PCP_summed,1975-10,25615,2120773.297796,523232337.967130
PCP_summed,1975-11,25615,1021003.650010,169513040.662249
PCP_summed,1975-12,25615,900148.353937,134445296.813140
PCP_summed,1976-01,25615,424590.151453,46712291.488238
PCP_summed,1976-02,25615,3001728.626594,631887952.906143
PCP_summed,1976-03,25615,1111686.236794,101603328.295496
PCP_summed,1976-04,25615,1116613.570812,89902767.618275
PCP_summed,1976-05,25615,265757.385939,11848346.582472
PCP_summed,1976-06,25615,126703.093919,3128956.646064
PCP_summed,1976-07,25615,327012.028817,17366411.473944
PCP_summed,1976-08,25615,757889.818552,65930483.434724
PCP_summed,1976-09,25615,1857521.639485,222885007.521719
PCP_summed,1976-10,25615,467004.958206,16420670.745796
PCP_summed,1976-11,25615,752820.074328,62046652.524537
PCP_summed,1976-12,25615,397160.233014,12239953.607016
PCP_summed,1977-01,25615,1639579.649704,166678580.581587
PCP_summed,1977-02,25615,879954.099999,80035364.093932
PCP_summed,1977-03,25615,1246829.918963,122617489.057097
PCP_summed,1977-04,25615,181988.906638,5013181.883597
PCP_summed,1977-05,25615,1759089.002207,191296602.306893
PCP_summed,1977-06,25615,278009.951387,12676067.179199
PCP_summed,1977-07,25615,25551.527705,124949.788215
PCP_summed,1977-08,25615,586613.363854,30118590.614973
PCP_summed,1977-09,25615,748356.881618,101224418.447837
PCP_summed,1977-10,25615,509763.010884,53380499.359452
PCP_summed,1977-11,25615,1689573.686783,504315618.710003
PCP_summed,1977-12,25615,4281410.846629,1279038081.669161
PCP_summed,1978-01,25615,5794191.920353,2164037782.889738
PCP_summed,1978-02,25615,3865641.108700,866582726.745472
PCP_summed,1978-03,25615,4172287.108458,1006616549.582209
PCP_summed,1978-04,25615,2470245.015495,432355775.803480
PCP_summed,1978-05,25615,365278.185105,18779942.312470
PCP_summed,1978-06,25615,165474.502184,6565509.277729
PCP_summed,1978-07,25615,76923.324546,1197595.990381
PCP_summed,1978-08,25615,195293.188977,8553359.317667
PCP_summed,1978-09,25615,1029260.731077,87854884.446409
PCP_summed,1978-10,25615,86180.943023,2227991.580746
PCP_summed,1978-11,25615,1536814.116779,144862208.664603
PCP_summed,1978-12,25615,1280705.856848,118904938.090152
PCP_summed,1979-01,25615,3767896.778131,792874039.440839
PCP_summed,1979-02,25615,3462457.533843,870059902.488492
PCP_summed,1979-03,25615,2563851.140909,379913371.864324
PCP_summed,1979-04,25615,831999.078440,87851598.419497
PCP_summed,1979-05,25615,798146.762552,112603416.880017
PCP_summed,1979-06,25615,34174.458108,811674.597720
PCP_summed,1979-07,25615,153544.480394,2951516.567312
PCP_summed,1979-08,25615,427256.290099,28758920.875546
PCP_summed,1979-09,25615,188135.329341,5940450.859630
PCP_summed,1979-10,25615,1832364.919779,350704282.698358
PCP_summed,1979-11,25615,1889433.969906,431192014.305890
PCP_summed,1979-12,25615,2529758.737428,577542465.583939
PCP_summed,1980-01,25615,4824023.427823,1493437641.197344
PCP_summed,1980-02,25615,5547932.265640,1758105226.627365
PCP_summed,1980-03,25615,2380636.416262,414777128.248572
PCP_summed,1980-04,25615,1414751.937457,181982993.380218
PCP_summed,1980-05,25615,786339.176019,51026214.626437
PCP_summed,1980-06,25615,287650.584041,13246462.946770
PCP_summed,1980-07,25615,267879.565035,11438597.744174
PCP_summed,1980-08,25615,26740.892791,306260.324089
PCP_summed,1980-09,25615,247395.056236,8421291.517264
PCP_summed,1980-10,25615,454350.249246,26388683.552633
PCP_summed,1980-11,25615,657001.067792,118168025.007541
PCP_summed,1980-12,25615,1972752.867065,430767964.545223
PCP_summed,1981-01,25615,3166339.090499,699535241.932802
PCP_summed,1981-02,25615,1784830.281795,279160052.041502
PCP_summed,1981-03,25615,3010826.524092,502140815.581990
PCP_summed,1981-04,25615,725643.457678,41310493.939548
PCP_summed,1981-05,25615,772020.640641,49850059.525498
PCP_summed,1981-06,25615,57497.691918,1487798.810867
PCP_summed,1981-07,25615,20305.187719,127145.489836
PCP_summed,1981-08,25615,51171.834147,756111.581251
PCP_summed,1981-09,25615,417653.926394,19986415.019264
PCP_summed,1981-10,25615,1688091.204234,242185679.372065
PCP_summed,1981-11,25615,4352111.560665,1741378290.313025
PCP_summed,1981-12,25615,3766014.413203,1890444369.301676
PCP_summed,1982-01,25615,3337793.927589,809732318.258052
PCP_summed,1982-02,25615,2322656.083889,488991003.567268
PCP_summed,1982-03,25615,3958980.325853,994179580.846248
PCP_summed,1982-04,25615,2726127.167387,687592755.707754
PCP_summed,1982-05,25615,227370.440100,7038394.161593
PCP_summed,1982-06,25615,523156.725359,32640061.465060
PCP_summed,1982-07,25615,88454.246347,1338572.134103
PCP_summed,1982-08,25615,407434.372244,39966239.895309
PCP_summed,1982-09,25615,985358.170234,64913891.754670
PCP_summed,1982-10,25615,1862549.350246,312088952.720447
PCP_summed,1982-11,25615,3604272.366371,871164486.431758
PCP_summed,1982-12,25615,3599508.894709,1074514604.630017
PCP_summed,1983-01,25615,4215994.773748,1145306474.469151
PCP_summed,1983-02,25615,4745749.747713,1727765703.105215
PCP_summed,1983-03,25615,6263419.104907,2488271722.696875
PCP_summed,1983-04,25615,2393587.135571,388914493.279333
PCP_summed,1983-05,25615,393752.413148,14640141.226516
PCP_summed,1983-06,25615,189387.796169,6341143.862296
PCP_summed,1983-07,25615,108379.490960,6760870.585277
PCP_summed,1983-08,25615,2050718.358639,370312556.031859
PCP_summed,1983-09,25615,648283.135245,24158700.119413
PCP_summed,1983-10,25615,940888.976439,66599444.134396
PCP_summed,1983-11,25615,4736926.816008,1906919594.598241
PCP_summed,1983-12,25615,5281677.788703,2286151702.639115
PCP_summed,1984-01,25615,333360.814199,16280329.658873
PCP_summed,1984-02,25615,1703689.340393,362311707.114095
PCP_summed,1984-03,25615,1287469.626906,219181268.016357
PCP_summed,1984-04,25615,971195.687013,117647487.480055
PCP_summed,1984-05,25615,376124.514046,33260885.312993
PCP_summed,1984-06,25615,306035.636789,13956183.515245
PCP_summed,1984-07,25615,909045.824316,129356670.941309
PCP_summed,1984-08,25615,629847.535315,81826656.631793
PCP_summed,1984-09,25615,236193.879708,4750122.651713
PCP_summed,1984-10,25615,1125561.248529,128149167.543946
PCP_summed,1984-11,25615,4685745.051524,2067900454.761722
PCP_summed,1984-12,25615,2470086.077316,358463527.492480
PCP_summed,1985-01,25615,609112.379606,22856065.513763
PCP_summed,1985-02,25615,1363454.515523,158578903.720244
PCP_summed,1985-03,25615,2117746.655991,366158758.213897
PCP_summed,1985-04,25615,230006.530840,6152513.951702
PCP_summed,1985-05,25615,178482.956960,6670683.983330
PCP_summed,1985-06,25615,188673.287175,9925623.259975
PCP_summed,1985-07,25615,256776.108570,11156434.077736
PCP_summed,1985-08,25615,44488.141343,458031.106566
PCP_summed,1985-09,25615,882255.782348,53781978.134500
PCP_summed,1985-10,25615,890739.451734,86844060.836558
PCP_summed,1985-11,25615,3094589.083453,583637941.827620
PCP_summed,1985-12,25615,1666316.669891,214634657.096873
PCP_summed,1986-01,25615,2896305.069320,716169578.113146
PCP_summed,1986-02,25615,7082748.171290,4133867332.502910
PCP_summed,1986-03,25615,3384808.404390,767403086.677219
PCP_summed,1986-04,25615,703159.427360,35001498.560067
PCP_summed,1986-05,25615,650145.418794,82536180.677683
PCP_summed,1986-06,25615,29449.727166,313392.141159
PCP_summed,1986-07,25615,282869.035494,17075560.907254
PCP_summed,1986-08,25615,62502.121983,1177126.956229
PCP_summed,1986-09,25615,1213221.265598,153985161.137346
PCP_summed,1986-10,25615,643844.268742,49288868.689854
PCP_summed,1986-11,25615,662026.310018,63643224.665517
PCP_summed,1986-12,25615,1200322.899068,120364641.109501
PCP_summed,1987-01,25615,2397208.891120,480425409.891011
PCP_summed,1987-02,25615,2175741.303242,332732455.038299
PCP_summed,1987-03,25615,2615151.288951,502542338.808478
PCP_summed,1987-04,25615,362104.755976,13126539.728199
PCP_summed,1987-05,25615,647959.908764,53003766.285322
PCP_summed,1987-06,25615,219080.047846,7246855.189148
PCP_summed,1987-07,25615,211854.771126,12091967.991212
PCP_summed,1987-08,25615,39971.002981,568706.748720
PCP_summed,1987-09,25615,106737.020296,2265695.982814
PCP_summed,1987-10,25615,1003666.941704,70036491.240261
PCP_summed,1987-11,25615,1616806.282601,184526656.598439
PCP_summed,1987-12,25615,3955890.210670,1417688453.095874
PCP_summed,1988-01,25615,2948859.232924,644786312.101171
PCP_summed,1988-02,25615,578616.315804,22158618.539699
PCP_summed,1988-03,25615,435681.638586,20771922.930190
PCP_summed,1988-04,25615,1759863.890459,171620655.236747
PCP_summed,1988-05,25615,745906.493504,61539428.054212
PCP_summed,1988-06,25615,447945.714991,31733197.923211
PCP_summed,1988-07,25615,42636.169756,415489.715407
PCP_summed,1988-08,25615,447432.336789,44220718.869822
PCP_summed,1988-09,25615,106530.914825,2941277.082740
PCP_summed,1988-10,25615,100172.520501,2617502.347862
PCP_summed,1988-11,25615,2945925.269810,946756373.117544
PCP_summed,1988-12,25615,2357891.023598,373336312.759797
PCP_summed,1989-01,25615,1468573.638352,193545494.164139
PCP_summed,1989-02,25615,1378358.127693,158025981.399192
PCP_summed,1989-03,25615,3657218.603041,1347337108.348845
PCP_summed,1989-04,25615,688427.673332,61173030.014246
PCP_summed,1989-05,25615,605242.984501,37065056.012761
PCP_summed,1989-06,25615,240015.261688,8998291.109861
PCP_summed,1989-07,25615,1844.757221,2339.083883
PCP_summed,1989-08,25615,202916.911688,6496765.836035
PCP_summed,1989-09,25615,996223.384943,70734261.478805
PCP_summed,1989-10,25615,1352435.045817,195608019.487505
PCP_summed,1989-11,25615,772342.248018,61248244.524041
PCP_summed,1989-12,25615,115202.061931,9142147.838279
PCP_summed,1990-01,25615,3120011.184262,829534940.188732
PCP_summed,1990-02,25615,1781694.175212,234847717.746151
PCP_summed,1990-03,25615,1016160.485849,102707059.815086
PCP_summed,1990-04,25615,655725.518424,36086630.476328
PCP_summed,1990-05,25615,1826462.293956,320247610.986088
PCP_summed,1990-06,25615,224117.419369,12776964.237012
PCP_summed,1990-07,25615,206289.501331,7093667.008765
PCP_summed,1990-08,25615,272499.587580,9953225.705685
PCP_summed,1990-09,25615,452126.514437,19569975.661904
PCP_summed,1990-10,25615,340712.485604,15519621.727762
PCP_summed,1990-11,25615,583539.651628,54288697.221569
PCP_summed,1990-12,25615,769792.073267,59955523.950703
PCP_summed,1991-01,25615,1031720.900028,201093509.617283
PCP_summed,1991-02,25615,1669499.934228,185876667.500881
PCP_summed,1991-03,25615,6407802.653234,2357507545.043356
PCP_summed,1991-04,25615,638324.980673,57721835.499165
PCP_summed,1991-05,25615,802674.840967,91547449.131366
PCP_summed,1991-06,25615,262032.849658,8992621.951790
PCP_summed,1991-07,25615,216919.869823,7468636.446371
PCP_summed,1991-08,25615,155251.973062,4958997.068981
PCP_summed,1991-09,25615,215213.683296,6061875.970495
PCP_summed,1991-10,25615,922720.004388,77420631.422666
PCP_summed,1991-11,25615,914240.308844,114928020.002059
PCP_summed,1991-12,25615,2071902.025001,253541871.168051
PCP_summed,1992-01,25615,1581708.877841,167178981.897262
PCP_summed,1992-02,25615,4361737.415109,1087589634.713008
PCP_summed,1992-03,25615,2800915.163423,415831986.397624
PCP_summed,1992-04,25615,899804.989399,122769884.603221
PCP_summed,1992-05,25615,251924.629328,7094285.976592
PCP_summed,1992-06,25615,617035.466749,51352600.360776
PCP_summed,1992-07,25615,239532.909318,7788473.703955
PCP_summed,1992-08,25615,83081.236924,1549600.025148
PCP_summed,1992-09,25615,23205.150367,216164.718585
PCP_summed,1992-10,25615,1461793.978528,156645790.931174
PCP_summed,1992-11,25615,674373.526619,155907449.200445
PCP_summed,1992-12,25615,4764071.355198,1541691551.610750
PCP_summed,1993-01,25615,6972356.489167,2972364103.793237
PCP_summed,1993-02,25615,4461281.337462,1090541187.537044
PCP_summed,1993-03,25615,2202896.868367,342222645.143089
PCP_summed,1993-04,25615,1336637.442641,402210852.281047
PCP_summed,1993-05,25615,1126189.433214,179503542.154629
PCP_summed,1993-06,25615,680885.339553,34752228.639657
PCP_summed,1993-07,25615,3404.035711,14314.238862
PCP_summed,1993-08,25615,151546.179019,4225151.326478
PCP_summed,1993-09,25615,41959.320909,1167389.764321
PCP_summed,1993-10,25615,619729.272740,38124702.158440
PCP_summed,1993-11,25615,1010500.999518,68145463.531189
PCP_summed,1993-12,25615,1908428.415443,398388176.757620
PCP_summed,1994-01,25615,1527724.131116,253546984.201849
PCP_summed,1994-02,25615,2950940.751154,543956878.288516
PCP_summed,1994-03,25615,1091262.532982,84636610.202934
PCP_summed,1994-04,25615,1030808.343470,81513347.969534
PCP_summed,1994-05,25615,972093.738904,65063803.992814
PCP_summed,1994-06,25615,101778.859594,2844148.282726
PCP_summed,1994-07,25615,18519.583301,97135.863655
PCP_summed,1994-08,25615,18326.870006,101294.209891
PCP_summed,1994-09,25615,245964.464862,6752701.207814
PCP_summed,1994-10,25615,480404.204249,21777419.570231
PCP_summed,1994-11,25615,2739570.743885,702219020.535541
PCP_summed,1994-12,25615,2172624.583607,379002712.904666
PCP_summed,1995-01,25615,9144161.365022,5205357340.301329
PCP_summed,1995-02,25615,1014503.953466,74366396.330351
PCP_summed,1995-03,25615,6356091.081270,2608990434.393138
PCP_summed,1995-04,25615,2087403.956662,460168548.732749
PCP_summed,1995-05,25615,1325106.860377,132405744.780759
PCP_summed,1995-06,25615,714513.219326,47502147.974559
PCP_summed,1995-07,25615,222364.465800,11828188.483317
PCP_summed,1995-08,25615,57578.603491,1154246.614910
PCP_summed,1995-09,25615,19250.866978,144672.363083
PCP_summed,1995-10,25615,41024.529777,736071.018198
PCP_summed,1995-11,25615,496674.607098,122352198.263786
PCP_summed,1995-12,25615,4209798.339022,1681048070.258241
PCP_summed,1996-01,25615,3894417.970374,1320189555.258550
PCP_summed,1996-02,25615,4224988.429547,1188989511.705288
PCP_summed,1996-03,25615,1894235.933962,271810744.677920
PCP_summed,1996-04,25581,1538992.431497,266048607.474309
PCP_summed,1996-05,25615,1457857.615639,232451180.244286
PCP_summed,1996-06,25615,144054.321379,3737500.469393
PCP_summed,1996-07,25615,165507.093489,4873168.552206
PCP_summed,1996-08,25615,29582.634191,251090.681619
PCP_summed,1996-09,25615,258448.973888,13624986.292190
PCP_summed,1996-10,25615,1244530.730159,109800072.992630
PCP_summed,1996-11,25615,2394269.988002,423309378.371428
PCP_summed,1996-12,25615,6477392.322585,3803798579.570364
PCP_summed,1997-01,25615,5605996.615421,2196971332.709768
PCP_summed,1997-02,25615,636601.215820,50433995.480371
PCP_summed,1997-03,25615,686871.300551,80138251.510776
PCP_summed,1997-04,25615,698728.786697,71512423.324726
PCP_summed,1997-05,25615,322602.135941,12734998.351482
PCP_summed,1997-06,25615,553346.020224,34412333.994237
PCP_summed,1997-07,25615,227729.239923,6291775.184663
PCP_summed,1997-08,25615,173467.507279,4998251.079515
PCP_summed,1997-09,25615,1218477.647391,134281428.869267
PCP_summed,1997-10,25615,798580.663191,94251320.500669
PCP_summed,1997-11,25615,2770199.379042,592704072.169556
PCP_summed,1997-12,25615,2267783.634212,340249943.523526
PCP_summed,1998-01,25615,4240151.256438,1457806357.588862
PCP_summed,1998-02,26318,0.000000,0.000000
PCP_summed,1998-03,26318,0.000000,0.000000
PCP_summed,1998-04,26318,0.000000,0.000000
PCP_summed,1998-05,26318,0.000000,0.000000
PCP_summed,1998-06,26318,0.000000,0.000000
PCP_summed,1998-07,26318,0.000000,0.000000
PCP_summed,1998-08,26318,0.000000,0.000000
PCP_summed,1998-09,26318,0.000000,0.000000
PCP_summed,1998-10,26318,0.000000,0.000000
PCP_summed,1998-11,26318,0.000000,0.000000
PCP_summed,1998-12,26318,0.000000,0.000000
PCP_summed,1999-01,25615,2719898.915978,581560984.682353
PCP_summed,1999-02,25615,3615071.344041,1361235840.303192
PCP_summed,1999-03,25615,1809961.180504,320557095.974768
PCP_summed,1999-04,25615,1508548.932738,128216662.622686
PCP_summed,1999-05,25615,355260.438531,33225632.337198
PCP_summed,1999-06,25615,243238.101872,5770188.375189
PCP_summed,1999-07,25615,450812.908961,36227247.298402
PCP_summed,1999-08,25615,242352.143483,11471768.389338
PCP_summed,1999-09,25615,94260.319583,1461032.196016
PCP_summed,1999-10,25615,499858.163512,35644384.515709
PCP_summed,1999-11,25615,1539251.244443,285805970.409600
PCP_summed,1999-12,25615,525140.395553,48723139.705151
PCP_summed,2000-01,25615,3721189.590106,1229707859.125237
PCP_summed,2000-02,25615,4959171.736956,1583440669.330688
PCP_summed,2000-03,25615,1344416.128772,107318924.180833
PCP_summed,2000-04,25615,1233510.779877,100004768.155514
PCP_summed,2000-05,25615,644287.411688,45585394.273877
PCP_summed,2000-06,25615,237951.112111,4391198.937970
PCP_summed,2000-07,25615,43798.323184,585224.135872
PCP_summed,2000-08,25615,331716.856850,19368683.205596
PCP_summed,2000-09,25615,263658.037781,9230089.304022
PCP_summed,2000-10,25615,1537621.944409,166442867.282854
PCP_summed,2000-11,25615,580990.330907,43034480.503059
PCP_summed,2000-12,25615,626599.917686,58847666.627381
PCP_summed,2001-01,25615,2431156.404004,316646387.847818
PCP_summed,2001-02,25615,3219384.103422,611056817.744196
PCP_summed,2001-03,25615,1592389.779880,146220611.701929
PCP_summed,2001-04,25615,1331954.442030,123670995.531173
PCP_summed,2001-05,25615,141729.823931,12389772.697280
PCP_summed,2001-06,25615,185444.972999,6671950.212043
PCP_summed,2001-07,25615,138895.279315,2311781.233917
PCP_summed,2001-08,25615,13206.621572,298815.432982
PCP_summed,2001-09,25615,181794.237746,4088970.875839
PCP_summed,2001-10,25615,441851.772443,21224444.697999
PCP_summed,2001-11,25615,3125422.635124,850894329.533323
PCP_summed,2001-12,25615,3966176.061255,1323911223.070382
PCP_summed,2002-01,25615,1732653.267084,314749333.755300
PCP_summed,2002-02,25615,1127625.560375,157917731.686198
PCP_summed,2002-03,25615,1435280.402625,178695942.711449
PCP_summed,2002-04,25615,688885.957650,45518936.559114
PCP_summed,2002-05,25615,429459.930926,16367576.997876
PCP_summed,2002-06,25615,38305.908466,597075.633981
PCP_summed,2002-07,25615,15401.133436,67176.754794
PCP_summed,2002-08,25615,908.985086,903.244131
PCP_summed,2002-09,25615,94414.583670,1473429.957991
PCP_summed,2002-10,25615,74449.121345,1358685.893849
PCP_summed,2002-11,25615,2185191.483776,303063987.578561
PCP_summed,2002-12,25615,5806911.349878,3120398096.606308
PCP_summed,2003-01,25615,1404671.043440,247578740.756356
PCP_summed,2003-02,25615,2053690.163220,251380500.265150
PCP_summed,2003-03,25615,2118058.167959,362195794.916135
PCP_summed,2003-04,25615,2765649.860613,619319252.564012
PCP_summed,2003-05,25615,806478.476115,43934807.327139
PCP_summed,2003-06,25615,12286.599750,75543.280252
PCP_summed,2003-07,25615,160614.361704,4157543.576256
PCP_summed,2003-08,25615,453336.271545,14955347.517792
PCP_summed,2003-09,25615,144150.470915,2081654.990930
PCP_summed,2003-10,25615,37123.377898,288848.985878
PCP_summed,2003-11,25615,1632860.059057,201664598.982839
PCP_summed,2003-12,25615,4442238.959502,1736484124.443610
PCP_summed,2004-01,25615,1776475.951450,308940002.818855
PCP_summed,2004-02,25615,4157083.581702,1047530521.721459
PCP_summed,2004-03,25615,829363.015017,50709367.043102
PCP_summed,2004-04,25615,651947.466718,52465255.878064
PCP_summed,2004-05,25615,363668.087781,21013894.190209
PCP_summed,2004-06,25615,62065.069324,1094668.745299
PCP_summed,2004-07,25615,29650.494713,192537.177620
PCP_summed,2004-08,25615,54246.207012,1751600.140071
PCP_summed,2004-09,25615,113199.680450,1414149.595674
PCP_summed,2004-10,25615,3208564.196683,530041284.295036
PCP_summed,2004-11,25615,1326861.312141,90733483.323853
PCP_summed,2004-12,25615,3547628.584414,814456106.497430
PCP_summed,2005-01,25615,4192226.019264,974640145.938499
PCP_summed,2005-02,25615,3040178.878930,519388338.026232
PCP_summed,2005-03,25615,2674702.229462,502029520.364130
PCP_summed,2005-04,25615,1163384.599213,113968780.374424
PCP_summed,2005-05,25615,1940923.193051,305153982.047022
PCP_summed,2005-06,25615,488829.601922,32881506.378842
PCP_summed,2005-07,25615,4182.381818,2756.855460
PCP_summed,2005-08,25615,336428.335717,16389970.063717
PCP_summed,2005-09,25615,235858.334386,4285538.199466
PCP_summed,2005-10,25615,835667.682003,49599096.987323
PCP_summed,2005-11,25615,1534734.538347,311865172.526191
PCP_summed,2005-12,25615,5243117.182852,2552929016.511082
PCP_summed,2006-01,25615,3298549.128494,916317146.369830
PCP_summed,2006-02,25615,1887164.989243,271977169.020104
PCP_summed,2006-03,25615,4379672.448424,1554212411.577688
PCP_summed,2006-04,25615,3089708.454536,630259065.467878
PCP_summed,2006-05,25615,527533.265254,20848792.148134
PCP_summed,2006-06,25615,113973.713704,3765588.512086
PCP_summed,2006-07,25615,177779.705613,3886218.335413
PCP_summed,2006-08,25615,55975.102655,1022571.090372
PCP_summed,2006-09,25615,9154.542407,56646.684017
